uc_delivery_id,wh_id,dst_mov_zone_id,seqnum,stoloc,uc_multi_drop,frstol,ins_dt,last_upd_dt,last_upd_user_id
-1,"3",-1,1,"L6-006-01",1,"L6-001-02","20221118142402","20221118142402","939370"
-1,"3",-1,2,"L6-006-01",1,"L6-001-03","20221118142402","20221118142402","939370"
-1,"3",-1,3,"L6-006-01",1,"L6-001-04","20221118142402","20221118142402","939370"
-1,"3",-1,4,"L6-006-01",1,"L6-001-05","20221118142402","20221118142402","939370"
-1,"3",-1,5,"L6-006-01",1,"L6-001-06","20221118142402","20221118142402","939370"
-1,"3",-1,6,"L6-006-01",1,"L6-001-07","20221118142402","20221118142402","939370"
-1,"3",-1,7,"L6-006-01",1,"L6-001-08","20221118142402","20221118142402","939370"
-1,"3",-1,8,"L6-006-01",1,"L6-001-09","20221118142402","20221118142402","939370"
-1,"3",-1,9,"L6-006-01",1,"L6-001-10","20221118142402","20221118142402","939370"
-1,"3",-1,10,"L6-006-01",1,"L6-001-11","20221118142402","20221118142402","939370"
-1,"3",-1,11,"L6-006-01",1,"L6-001-12","20221118142402","20221118142402","939370"
-1,"3",-1,12,"L6-006-01",1,"L6-001-13","20221118142402","20221118142402","939370"
-1,"3",-1,13,"L6-006-01",1,"L6-001-14","20221118142402","20221118142402","939370"
-1,"3",-1,14,"L6-006-01",1,"L6-001-15","20221118142402","20221118142402","939370"
-1,"3",-1,15,"L6-006-01",1,"L6-001-16","20221118142402","20221118142402","939370"
-1,"3",-1,16,"L6-006-01",1,"L6-001-17","20221118142402","20221118142402","939370"
-1,"3",-1,17,"L6-006-01",1,"L6-001-18","20221118142402","20221118142402","939370"
-1,"3",-1,18,"L6-006-01",1,"L6-001-19","20221118142402","20221118142402","939370"
-1,"3",-1,19,"L6-006-01",1,"L6-001-20","20221118142402","20221118142402","939370"
-1,"3",-1,20,"L6-006-01",1,"L6-001-21","20221118142402","20221118142402","939370"
-1,"3",-1,21,"L6-006-01",1,"L6-001-22","20221118142402","20221118142402","939370"
-1,"3",-1,22,"L6-006-01",1,"L6-001-23","20221118142402","20221118142402","939370"
-1,"3",-1,23,"L6-006-01",1,"L6-001-24","20221118142402","20221118142402","939370"
-1,"3",-1,24,"L1-001-01",1,"L6-002-010","20221118142402","20221118142402","939370"
-1,"3",-1,25,"L1-001-01",1,"L6-002-017","20221118142402","20221118142402","939370"
-1,"3",-1,26,"L1-001-01",1,"L6-002-020","20221118142402","20221118142402","939370"
-1,"3",-1,27,"L1-001-01",1,"L6-002-021","20221118142402","20221118142402","939370"
-1,"3",-1,28,"L1-001-01",1,"L6-002-022","20221118142402","20221118142402","939370"
-1,"3",-1,29,"L1-001-01",1,"L6-002-023","20221118142402","20221118142402","939370"
-1,"3",-1,30,"L1-001-01",1,"L6-002-024","20221118142402","20221118142402","939370"
-1,"3",-1,31,"G5-001-01",1,"L6-002-025","20221118142402","20221118142402","939370"
-1,"3",-1,32,"G5-001-01",1,"L6-002-026","20221118142402","20221118142402","939370"
-1,"3",-1,33,"G4-001-01",1,"L6-002-027","20221118142402","20221118142402","939370"
-1,"3",-1,34,"G4-001-01",1,"L6-002-028","20221118142402","20221118142402","939370"
-1,"3",-1,35,"G4-001-01",1,"L6-002-029","20221118142402","20221118142402","939370"
-1,"3",-1,36,"G4-001-01",1,"L6-002-030","20221118142402","20221118142402","939370"
-1,"3",-1,37,"G1-001-01",1,"L6-002-031","20221118142402","20221118142402","939370"
-1,"3",-1,38,"G1-001-01",1,"L6-002-032","20221118142402","20221118142402","939370"
-1,"3",-1,39,"G1-001-01",1,"L6-002-033","20221118142402","20221118142402","939370"
-1,"3",-1,40,"B4-001-01",1,"L6-002-038","20221118142402","20221118142402","939370"
-1,"3",-1,41,"B3-001-01",1,"L6-002-039","20221118142402","20221118142402","939370"
-1,"3",-1,42,"B1-001-01",1,"L6-002-041","20221118142402","20221118142402","939370"
-1,"3",-1,43,"B2-001-01",1,"L6-002-043","20221118142402","20221118142402","939370"
-1,"3",-1,44,"B2-001-01",1,"L6-002-044","20221118142402","20221118142402","939370"
-1,"3",-1,45,"B2-001-01",1,"L6-002-046","20221118142402","20221118142402","939370"
-1,"3",-1,46,"B2-001-01",1,"L6-002-047","20221118142402","20221118142402","939370"
-1,"3",-1,47,"B2-001-01",1,"L6-002-048","20221118142402","20221118142402","939370"
-1,"3",-1,48,"L4-001-01",1,"L6-002-049","20221118142402","20221118142402","939370"
-1,"3",-1,49,"L4-001-01",1,"L6-002-050","20221118142402","20221118142402","939370"
-1,"3",-1,50,"L4-001-01",1,"L6-002-051","20221118142402","20221118142402","939370"
-1,"3",-1,51,"L4-001-02",1,"L6-002-052","20221118142402","20221118142402","939370"
-1,"3",-1,52,"L4-001-01",1,"L6-002-053","20221118142402","20221118142402","939370"
-1,"3",-1,53,"L4-001-01",1,"L6-002-055","20221118142402","20221118142402","939370"
-1,"3",-1,54,"L4-001-01",1,"L6-002-056","20221118142402","20221118142402","939370"
-1,"3",-1,55,"L4-001-01",1,"L6-002-057","20221118142402","20221118142402","939370"
-1,"3",-1,56,"L4-001-01",1,"L6-002-058","20221118142402","20221118142402","939370"
-1,"3",-1,57,"L4-001-01",1,"L6-002-065","20221118142402","20221118142402","939370"
-1,"3",-1,58,"L4-001-01",1,"L6-002-066","20221118142402","20221118142402","939370"
-1,"3",-1,59,"D1-001-01",1,"L6-003-001","20221118142402","20221118142402","939370"
-1,"3",-1,60,"D1-001-01",1,"L6-003-003","20221118142402","20221118142402","939370"
-1,"3",-1,61,"D1-001-01",1,"L6-003-005","20221118142402","20221118142402","939370"
-1,"3",-1,62,"L1-001-01",1,"L6-003-006","20221118142402","20221118142402","939370"
-1,"3",-1,63,"D1-001-01",1,"L6-003-007","20221118142402","20221118142402","939370"
-1,"3",-1,64,"D1-001-01",1,"L6-003-008","20221118142402","20221118142402","939370"
-1,"3",-1,65,"D1-001-01",1,"L6-003-009","20221118142402","20221118142402","939370"
-1,"3",-1,66,"D1-001-01",1,"L6-003-010","20221118142402","20221118142402","939370"
-1,"3",-1,67,"D1-001-01",1,"L6-003-011","20221118142402","20221118142402","939370"
-1,"3",-1,68,"D1-001-01",1,"L6-003-012","20221118142402","20221118142402","939370"
-1,"3",-1,69,"F4-001-01",1,"L6-003-013","20221118142402","20221118142402","939370"
-1,"3",-1,70,"F4-001-01",1,"L6-003-014","20221118142402","20221118142402","939370"
-1,"3",-1,71,"F4-001-01",1,"L6-003-015","20221118142402","20221118142402","939370"
-1,"3",-1,72,"F4-001-01",1,"L6-003-016","20221118142402","20221118142402","939370"
-1,"3",-1,73,"F4-001-01",1,"L6-003-017","20221118142402","20221118142402","939370"
-1,"3",-1,74,"D2-001-01",1,"L6-003-018","20221118142402","20221118142402","939370"
-1,"3",-1,75,"D2-001-01",1,"L6-003-019","20221118142402","20221118142402","939370"
-1,"3",-1,76,"F4-001-01",1,"L6-003-021","20221118142402","20221118142402","939370"
-1,"3",-1,77,"F4-001-01",1,"L6-003-022","20221118142402","20221118142402","939370"
-1,"3",-1,78,"F4-001-01",1,"L6-003-023","20221118142402","20221118142402","939370"
-1,"3",-1,79,"F4-001-01",1,"L6-003-024","20221118142402","20221118142402","939370"
-1,"3",-1,80,"F4-001-01",1,"L6-003-026","20221118142402","20221118142402","939370"
-1,"3",-1,81,"F4-001-01",1,"L6-003-028","20221118142402","20221118142402","939370"
-1,"3",-1,82,"F4-001-01",1,"L6-003-029","20221118142402","20221118142402","939370"
-1,"3",-1,83,"F4-001-01",1,"L6-003-030","20221118142402","20221118142402","939370"
-1,"3",-1,84,"F4-001-01",1,"L6-003-031","20221118142402","20221118142402","939370"
-1,"3",-1,85,"F4-001-01",1,"L6-003-032","20221118142402","20221118142402","939370"
-1,"3",-1,86,"F4-001-01",1,"L6-003-033","20221118142402","20221118142402","939370"
-1,"3",-1,87,"F3-001-01",1,"L6-003-036","20221118142402","20221118142402","939370"
-1,"3",-1,88,"F3-001-01",1,"L6-003-038","20221118142402","20221118142402","939370"
-1,"3",-1,89,"F3-001-01",1,"L6-003-039","20221118142402","20221118142402","939370"
-1,"3",-1,90,"F3-001-01",1,"L6-003-040","20221118142402","20221118142402","939370"
-1,"3",-1,91,"F3-001-01",1,"L6-003-041","20221118142402","20221118142402","939370"
-1,"3",-1,92,"F3-001-01",1,"L6-003-043","20221118142402","20221118142402","939370"
-1,"3",-1,93,"F3-001-01",1,"L6-003-044","20221118142402","20221118142402","939370"
-1,"3",-1,94,"F3-001-01",1,"L6-003-046","20221118142402","20221118142402","939370"
-1,"3",-1,95,"A-001-01",1,"L6-003-047","20221118142402","20221118142402","939370"
-1,"3",-1,96,"A-001-01",1,"L6-003-049","20221118142402","20221118142402","939370"
-1,"3",-1,97,"A-001-01",1,"L6-003-051","20221118142402","20221118142402","939370"
-1,"3",-1,98,"A-001-01",1,"L6-003-053","20221118142402","20221118142402","939370"
-1,"3",-1,99,"A-001-01",1,"L6-003-054","20221118142402","20221118142402","939370"
-1,"3",-1,100,"A-001-01",1,"L6-003-055","20221118142402","20221118142402","939370"
-1,"3",-1,101,"A-001-01",1,"L6-003-056","20221118142402","20221118142402","939370"
-1,"3",-1,102,"G6-001-01",1,"L6-003-091","20221118142402","20221118142402","939370"
-1,"3",-1,103,"L1-001-01",1,"L6-005-01","20221118142402","20221118142402","939370"
-1,"3",-1,104,"L4-001-01",1,"L6-005-02","20221118142402","20221118142402","939370"
-1,"3",-1,105,"A-001-01",1,"L6-005-03","20221118142402","20221118142402","939370"
-1,"3",-1,106,"B1-001-01",1,"L6-005-04","20221118142402","20221118142402","939370"
-1,"3",-1,107,"F3-001-01",1,"L6-005-05","20221118142402","20221118142402","939370"
-1,"3",-1,108,"F4-001-01",1,"L6-005-06","20221118142402","20221118142402","939370"
-1,"3",-1,109,"D1-001-01",1,"L6-005-07","20221118142402","20221118142402","939370"
-1,"3",-1,110,"L6-006-01",1,"L6-001-25","20221122170303","20221122170303","939370"
-1,"3",-1,111,"L6-006-01",1,"L6-001-26","20221122170303","20221122170303","939370"
-1,"3",-1,112,"L6-006-01",1,"L6-004-01","20221122170303","20221122170303","939370"
-1,"3",-1,113,"L6-006-01",1,"L6-004-02","20221122170303","20221122170303","939370"
-1,"3",-1,114,"L6-006-01",1,"L6-004-03","20221122170303","20221122170303","939370"
-1,"3",-1,115,"L6-006-01",1,"L6-004-04","20221122170303","20221122170303","939370"
-1,"3",-1,116,"L6-006-01",1,"L6-004-05","20221122170303","20221122170303","939370"
-1,"3",-1,117,"A-001-01",1,"A-001-01","20221216000000","20221216000000","938673"
-1,"3",-1,118,"B1-001-01",1,"B1-001-01","20221216000000","20221216000000","938673"
-1,"3",-1,119,"B2-001-01",1,"B2-001-01","20221216000000","20221216000000","938673"
-1,"3",-1,120,"B3-001-01",1,"B3-001-01","20221216000000","20221216000000","938673"
-1,"3",-1,121,"B4-001-01",1,"B4-001-01","20221216000000","20221216000000","938673"
-1,"3",-1,122,"D1-001-01",1,"D1-001-01","20221216000000","20221216000000","938673"
-1,"3",-1,123,"D2-001-01",1,"D2-001-01","20221216000000","20221216000000","938673"
-1,"3",-1,124,"F3-001-01",1,"F3-001-01","20221216000000","20221216000000","938673"
-1,"3",-1,125,"F4-001-01",1,"F4-001-01","20221216000000","20221216000000","938673"
-1,"3",-1,126,"G1-001-01",1,"G1-001-01","20221216000000","20221216000000","938673"
-1,"3",-1,127,"G4-001-01",1,"G4-001-01","20221216000000","20221216000000","938673"
-1,"3",-1,128,"G5-001-01",1,"G5-001-01","20221216000000","20221216000000","938673"
-1,"3",-1,129,"G6-001-01",1,"G6-001-01","20221216000000","20221216000000","938673"
-1,"3",-1,130,"L1-001-01",1,"L1-001-01","20221216000000","20221216000000","938673"
-1,"3",-1,131,"L4-001-01",1,"L4-001-01","20221216000000","20221216000000","938673"
-1,"3",-1,132,"L4-001-02",1,"L4-001-02","20221216000000","20221216000000","938673"
-1,"3",-1,133,"L6-006-01",1,"L6-006-01","20221216000000","20221216000000","938673"
-1,"3",-1,134,"A-002-01",1,"A-002-01","20221216000000","20221216000000","938673"
-1,"3",-1,135,"B-002-01",1,"B-002-01","20221216000000","20221216000000","938673"
-1,"3",-1,136,"C-002-01",1,"C-002-01","20221216000000","20221216000000","938673"
-1,"3",-1,137,"P-002-01",1,"P-002-01","20221216000000","20221216000000","938673"
-1,"3",-1,138,"A-EXCEPTION-02",1,"A-EXCEPTION-02","20221216000000","20221216000000","938673"
-1,"3",-1,139,"B-EXCEPTION-01",1,"B-EXCEPTION-01","20221216000000","20221216000000","938673"
-1,"3",-1,140,"C-EXCEPTION-01",1,"C-EXCEPTION-01","20221216000000","20221216000000","938673"
-1,"3",-1,141,"D-EXCEPTION-01",1,"D-EXCEPTION-01","20221216000000","20221216000000","938673"
-1,"3",-1,142,"E-EXCEPTION-01",1,"E-EXCEPTION-01","20221216000000","20221216000000","938673"
-1,"3",-1,143,"L6-EXCEPTION-03",1,"L6-EXCEPTION-03","20221216000000","20221216000000","938673"
-1,"3",-1,144,"L6-EXCEPTION-04",1,"L6-EXCEPTION-04","20221216000000","20221216000000","938673"
-1,"3",-1,145,"L6-EXCEPTION-05",1,"L6-EXCEPTION-05","20221216000000","20221216000000","938673"
-1,"3",-1,146,"P-EXCEPTION-01",1,"P-EXCEPTION-01","20221216000000","20221216000000","938673"
-1,"3",-1,147,"R-EXCEPTION-01",1,"R-EXCEPTION-01","20221216000000","20221216000000","938673"
-1,"3",-1,148,"L6-006-01",1,"L6-001-01","20221216000000","20221216000000","938673"
1001,"3",10043,1,"L6-001-02",0,"","20221118142402","20221118142402","939370"
1002,"3",10043,1,"L6-001-03",0,"","20221118142402","20221118142402","939370"
1003,"3",10043,1,"L6-001-04",0,"","20221118142402","20221118142402","939370"
1004,"3",10043,1,"L6-001-05",0,"","20221118142402","20221118142402","939370"
1005,"3",10043,1,"L6-001-06",0,"","20221118142402","20221118142402","939370"
1006,"3",10043,1,"L6-001-07",0,"","20221118142402","20221118142402","939370"
1007,"3",10043,1,"L6-001-08",0,"","20221118142402","20221118142402","939370"
1008,"3",10043,1,"L6-001-09",0,"","20221118142402","20221118142402","939370"
1009,"3",10043,1,"L6-001-10",0,"","20221118142402","20221118142402","939370"
1010,"3",10043,1,"L6-001-11",0,"","20221118142402","20221118142402","939370"
1011,"3",10043,1,"L6-001-12",0,"","20221118142402","20221118142402","939370"
1012,"3",10043,1,"L6-001-13",0,"","20221118142402","20221118142402","939370"
1013,"3",10043,1,"L6-001-14",0,"","20221118142402","20221118142402","939370"
1014,"3",10043,1,"L6-001-15",0,"","20221118142402","20221118142402","939370"
1015,"3",10043,1,"L6-001-16",0,"","20221118142402","20221118142402","939370"
1016,"3",10043,1,"L6-001-17",0,"","20221118142402","20221118142402","939370"
1017,"3",10043,1,"L6-001-18",0,"","20221118142402","20221118142402","939370"
1018,"3",10043,1,"L6-001-19",0,"","20221118142402","20221118142402","939370"
1019,"3",10043,1,"L6-001-20",0,"","20221118142402","20221118142402","939370"
1020,"3",10043,1,"L6-001-21",0,"","20221118142402","20221118142402","939370"
1021,"3",10043,1,"L6-001-22",0,"","20221118142402","20221118142402","939370"
1022,"3",10043,1,"L6-001-23",0,"","20221118142402","20221118142402","939370"
1023,"3",10043,1,"L6-001-24",0,"","20221118142402","20221118142402","939370"
1024,"3",10043,1,"L6-001-25",0,"","20221118142402","20221118142402","939370"
1025,"3",10043,1,"L6-001-26",0,"","20221118142402","20221118142402","939370"
1026,"3",10063,1,"L6-002-001",0,"","20221118142402","20221118142402","939370"
1026,"3",10069,1,"L6-004-01",0,"","20221118142402","20221118142402","939370"
1027,"3",10063,1,"L6-002-002",0,"","20221118142402","20221118142402","939370"
1027,"3",10069,1,"L6-004-01",0,"","20221118142402","20221118142402","939370"
1028,"3",10063,1,"L6-002-003",0,"","20221118142402","20221118142402","939370"
1028,"3",10069,1,"L6-004-01",0,"","20221118142402","20221118142402","939370"
1029,"3",10063,1,"L6-002-004",0,"","20221118142402","20221118142402","939370"
1029,"3",10069,1,"L6-004-01",0,"","20221118142402","20221118142402","939370"
1030,"3",10063,1,"L6-002-005",0,"","20221118142402","20221118142402","939370"
1030,"3",10069,1,"L6-004-01",0,"","20221118142402","20221118142402","939370"
1031,"3",10063,1,"L6-002-006",0,"","20221118142402","20221118142402","939370"
1031,"3",10069,1,"L6-004-01",0,"","20221118142402","20221118142402","939370"
1032,"3",10063,1,"L6-002-007",0,"","20221118142402","20221118142402","939370"
1032,"3",10069,1,"L6-004-01",0,"","20221118142402","20221118142402","939370"
1033,"3",10063,1,"L6-002-008",0,"","20221118142402","20221118142402","939370"
1033,"3",10069,1,"L6-004-01",0,"","20221118142402","20221118142402","939370"
1034,"3",10063,1,"L6-002-009",0,"","20221118142402","20221118142402","939370"
1034,"3",10069,1,"L6-004-01",0,"","20221118142402","20221118142402","939370"
1035,"3",10063,1,"L6-002-010",0,"","20221118142402","20221118142402","939370"
1035,"3",10069,1,"L6-004-01",0,"","20221118142402","20221118142402","939370"
1036,"3",10063,1,"L6-002-011",0,"","20221118142402","20221118142402","939370"
1036,"3",10069,1,"L6-004-01",0,"","20221118142402","20221118142402","939370"
1037,"3",10063,1,"L6-002-012",0,"","20221118142402","20221118142402","939370"
1037,"3",10069,1,"L6-004-01",0,"","20221118142402","20221118142402","939370"
1038,"3",10063,1,"L6-002-013",0,"","20221118142402","20221118142402","939370"
1038,"3",10069,1,"L6-004-01",0,"","20221118142402","20221118142402","939370"
1039,"3",10063,1,"L6-002-014",0,"","20221118142402","20221118142402","939370"
1039,"3",10069,1,"L6-004-01",0,"","20221118142402","20221118142402","939370"
1040,"3",10063,1,"L6-002-015",0,"","20221118142402","20221118142402","939370"
1040,"3",10069,1,"L6-004-01",0,"","20221118142402","20221118142402","939370"
1041,"3",10063,1,"L6-002-016",0,"","20221118142402","20221118142402","939370"
1041,"3",10069,1,"L6-004-01",0,"","20221118142402","20221118142402","939370"
1042,"3",10063,1,"L6-002-017",0,"","20221118142402","20221118142402","939370"
1042,"3",10069,1,"L6-004-01",0,"","20221118142402","20221118142402","939370"
1043,"3",10063,1,"L6-002-018",0,"","20221118142402","20221118142402","939370"
1043,"3",10069,1,"L6-004-01",0,"","20221118142402","20221118142402","939370"
1044,"3",10063,1,"L6-002-019",0,"","20221118142402","20221118142402","939370"
1044,"3",10069,1,"L6-004-01",0,"","20221118142402","20221118142402","939370"
1045,"3",10063,1,"L6-002-020",0,"","20221118142402","20221118142402","939370"
1045,"3",10069,1,"L6-004-01",0,"","20221118142402","20221118142402","939370"
1046,"3",10063,1,"L6-002-021",0,"","20221118142402","20221118142402","939370"
1046,"3",10069,1,"L6-004-01",0,"","20221118142402","20221118142402","939370"
1047,"3",10063,1,"L6-002-022",0,"","20221118142402","20221118142402","939370"
1047,"3",10069,1,"L6-004-01",0,"","20221118142402","20221118142402","939370"
1048,"3",10063,1,"L6-002-023",0,"","20221118142402","20221118142402","939370"
1048,"3",10069,1,"L6-004-01",0,"","20221118142402","20221118142402","939370"
1049,"3",10063,1,"L6-002-024",0,"","20221118142402","20221118142402","939370"
1049,"3",10069,1,"L6-004-01",0,"","20221118142402","20221118142402","939370"
1050,"3",10063,1,"L6-002-025",0,"","20221118142402","20221118142402","939370"
1050,"3",10069,1,"L6-004-01",0,"","20221118142402","20221118142402","939370"
1051,"3",10063,1,"L6-002-026",0,"","20221118142402","20221118142402","939370"
1051,"3",10069,1,"L6-004-01",0,"","20221118142402","20221118142402","939370"
1052,"3",10063,1,"L6-002-027",0,"","20221118142402","20221118142402","939370"
1052,"3",10069,1,"L6-004-01",0,"","20221118142402","20221118142402","939370"
1053,"3",10063,1,"L6-002-028",0,"","20221118142402","20221118142402","939370"
1053,"3",10069,1,"L6-004-01",0,"","20221118142402","20221118142402","939370"
1054,"3",10063,1,"L6-002-029",0,"","20221118142402","20221118142402","939370"
1054,"3",10069,1,"L6-004-01",0,"","20221118142402","20221118142402","939370"
1055,"3",10063,1,"L6-002-030",0,"","20221118142402","20221118142402","939370"
1055,"3",10069,1,"L6-004-01",0,"","20221118142402","20221118142402","939370"
1056,"3",10063,1,"L6-002-031",0,"","20221118142402","20221118142402","939370"
1056,"3",10069,1,"L6-004-01",0,"","20221118142402","20221118142402","939370"
1057,"3",10063,1,"L6-002-032",0,"","20221118142402","20221118142402","939370"
1057,"3",10069,1,"L6-004-01",0,"","20221118142402","20221118142402","939370"
1058,"3",10063,1,"L6-002-033",0,"","20221118142402","20221118142402","939370"
1058,"3",10069,1,"L6-004-01",0,"","20221118142402","20221118142402","939370"
1059,"3",10063,1,"L6-002-034",0,"","20221118142402","20221118142402","939370"
1059,"3",10069,1,"L6-004-01",0,"","20221118142402","20221118142402","939370"
1060,"3",10063,1,"L6-002-035",0,"","20221118142402","20221118142402","939370"
1060,"3",10069,1,"L6-004-01",0,"","20221118142402","20221118142402","939370"
1061,"3",10063,1,"L6-002-036",0,"","20221118142402","20221118142402","939370"
1061,"3",10069,1,"L6-004-01",0,"","20221118142402","20221118142402","939370"
1062,"3",10063,1,"L6-002-037",0,"","20221118142402","20221118142402","939370"
1062,"3",10069,1,"L6-004-01",0,"","20221118142402","20221118142402","939370"
1063,"3",10063,1,"L6-002-038",0,"","20221118142402","20221118142402","939370"
1063,"3",10069,1,"L6-004-01",0,"","20221118142402","20221118142402","939370"
1064,"3",10063,1,"L6-002-039",0,"","20221118142402","20221118142402","939370"
1064,"3",10069,1,"L6-004-01",0,"","20221118142402","20221118142402","939370"
1065,"3",10063,1,"L6-002-040",0,"","20221118142402","20221118142402","939370"
1065,"3",10069,1,"L6-004-01",0,"","20221118142402","20221118142402","939370"
1066,"3",10063,1,"L6-002-041",0,"","20221118142402","20221118142402","939370"
1066,"3",10069,1,"L6-004-01",0,"","20221118142402","20221118142402","939370"
1067,"3",10063,1,"L6-002-042",0,"","20221118142402","20221118142402","939370"
1067,"3",10069,1,"L6-004-01",0,"","20221118142402","20221118142402","939370"
1068,"3",10063,1,"L6-002-043",0,"","20221118142402","20221118142402","939370"
1068,"3",10069,1,"L6-004-01",0,"","20221118142402","20221118142402","939370"
1069,"3",10063,1,"L6-002-044",0,"","20221118142402","20221118142402","939370"
1069,"3",10069,1,"L6-004-01",0,"","20221118142402","20221118142402","939370"
1070,"3",10063,1,"L6-002-045",0,"","20221118142402","20221118142402","939370"
1070,"3",10069,1,"L6-004-01",0,"","20221118142402","20221118142402","939370"
1071,"3",10063,1,"L6-002-046",0,"","20221118142402","20221118142402","939370"
1071,"3",10069,1,"L6-004-01",0,"","20221118142402","20221118142402","939370"
1072,"3",10063,1,"L6-002-047",0,"","20221118142402","20221118142402","939370"
1072,"3",10069,1,"L6-004-01",0,"","20221118142402","20221118142402","939370"
1073,"3",10063,1,"L6-002-048",0,"","20221118142402","20221118142402","939370"
1073,"3",10069,1,"L6-004-01",0,"","20221118142402","20221118142402","939370"
1074,"3",10063,1,"L6-002-049",0,"","20221118142402","20221118142402","939370"
1074,"3",10069,1,"L6-004-01",0,"","20221118142402","20221118142402","939370"
1075,"3",10063,1,"L6-002-050",0,"","20221118142402","20221118142402","939370"
1075,"3",10069,1,"L6-004-02",0,"","20221118142402","20221118142402","939370"
1076,"3",10063,1,"L6-002-051",0,"","20221118142402","20221118142402","939370"
1076,"3",10069,1,"L6-004-02",0,"","20221118142402","20221118142402","939370"
1077,"3",10063,1,"L6-002-052",0,"","20221118142402","20221118142402","939370"
1077,"3",10069,1,"L6-004-02",0,"","20221118142402","20221118142402","939370"
1078,"3",10063,1,"L6-002-053",0,"","20221118142402","20221118142402","939370"
1078,"3",10069,1,"L6-004-02",0,"","20221118142402","20221118142402","939370"
1079,"3",10063,1,"L6-002-054",0,"","20221118142402","20221118142402","939370"
1079,"3",10069,1,"L6-004-02",0,"","20221118142402","20221118142402","939370"
1080,"3",10063,1,"L6-002-055",0,"","20221118142402","20221118142402","939370"
1080,"3",10069,1,"L6-004-02",0,"","20221118142402","20221118142402","939370"
1081,"3",10063,1,"L6-002-056",0,"","20221118142402","20221118142402","939370"
1081,"3",10069,1,"L6-004-02",0,"","20221118142402","20221118142402","939370"
1082,"3",10063,1,"L6-002-057",0,"","20221118142402","20221118142402","939370"
1082,"3",10069,1,"L6-004-02",0,"","20221118142402","20221118142402","939370"
1083,"3",10063,1,"L6-002-058",0,"","20221118142402","20221118142402","939370"
1083,"3",10069,1,"L6-004-02",0,"","20221118142402","20221118142402","939370"
1084,"3",10063,1,"L6-002-059",0,"","20221118142402","20221118142402","939370"
1084,"3",10069,1,"L6-004-02",0,"","20221118142402","20221118142402","939370"
1085,"3",10063,1,"L6-002-060",0,"","20221118142402","20221118142402","939370"
1085,"3",10069,1,"L6-004-02",0,"","20221118142402","20221118142402","939370"
1086,"3",10063,1,"L6-002-061",0,"","20221118142402","20221118142402","939370"
1086,"3",10069,1,"L6-004-02",0,"","20221118142402","20221118142402","939370"
1087,"3",10063,1,"L6-002-062",0,"","20221118142402","20221118142402","939370"
1087,"3",10069,1,"L6-004-02",0,"","20221118142402","20221118142402","939370"
1088,"3",10063,1,"L6-002-063",0,"","20221118142402","20221118142402","939370"
1088,"3",10069,1,"L6-004-02",0,"","20221118142402","20221118142402","939370"
1089,"3",10063,1,"L6-002-064",0,"","20221118142402","20221118142402","939370"
1089,"3",10069,1,"L6-004-02",0,"","20221118142402","20221118142402","939370"
1090,"3",10063,1,"L6-002-065",0,"","20221118142402","20221118142402","939370"
1090,"3",10069,1,"L6-004-02",0,"","20221118142402","20221118142402","939370"
1091,"3",10063,1,"L6-002-066",0,"","20221118142402","20221118142402","939370"
1091,"3",10069,1,"L6-004-02",0,"","20221118142402","20221118142402","939370"
1092,"3",10063,1,"L6-002-067",0,"","20221118142402","20221118142402","939370"
1092,"3",10069,1,"L6-004-02",0,"","20221118142402","20221118142402","939370"
1093,"3",10063,1,"L6-002-068",0,"","20221118142402","20221118142402","939370"
1093,"3",10069,1,"L6-004-02",0,"","20221118142402","20221118142402","939370"
1094,"3",10063,1,"L6-002-069",0,"","20221118142402","20221118142402","939370"
1094,"3",10069,1,"L6-004-02",0,"","20221118142402","20221118142402","939370"
1095,"3",10063,1,"L6-002-070",0,"","20221118142402","20221118142402","939370"
1095,"3",10069,1,"L6-004-02",0,"","20221118142402","20221118142402","939370"
1096,"3",10063,1,"L6-002-071",0,"","20221118142402","20221118142402","939370"
1096,"3",10069,1,"L6-004-02",0,"","20221118142402","20221118142402","939370"
1097,"3",10063,1,"L6-002-072",0,"","20221118142402","20221118142402","939370"
1097,"3",10069,1,"L6-004-02",0,"","20221118142402","20221118142402","939370"
1098,"3",10063,1,"L6-002-073",0,"","20221118142402","20221118142402","939370"
1098,"3",10069,1,"L6-004-02",0,"","20221118142402","20221118142402","939370"
1099,"3",10063,1,"L6-002-074",0,"","20221118142402","20221118142402","939370"
1099,"3",10069,1,"L6-004-02",0,"","20221118142402","20221118142402","939370"
1100,"3",10063,1,"L6-002-075",0,"","20221118142402","20221118142402","939370"
1100,"3",10069,1,"L6-004-02",0,"","20221118142402","20221118142402","939370"
1101,"3",10063,1,"L6-002-076",0,"","20221118142402","20221118142402","939370"
1101,"3",10069,1,"L6-004-02",0,"","20221118142402","20221118142402","939370"
1102,"3",10063,1,"L6-002-077",0,"","20221118142402","20221118142402","939370"
1102,"3",10069,1,"L6-004-02",0,"","20221118142402","20221118142402","939370"
1103,"3",10063,1,"L6-002-078",0,"","20221118142402","20221118142402","939370"
1103,"3",10069,1,"L6-004-02",0,"","20221118142402","20221118142402","939370"
1104,"3",10063,1,"L6-002-079",0,"","20221118142402","20221118142402","939370"
1104,"3",10069,1,"L6-004-02",0,"","20221118142402","20221118142402","939370"
1105,"3",10063,1,"L6-002-080",0,"","20221118142402","20221118142402","939370"
1105,"3",10069,1,"L6-004-02",0,"","20221118142402","20221118142402","939370"
1106,"3",10063,1,"L6-002-081",0,"","20221118142402","20221118142402","939370"
1106,"3",10069,1,"L6-004-02",0,"","20221118142402","20221118142402","939370"
1107,"3",10063,1,"L6-002-082",0,"","20221118142402","20221118142402","939370"
1107,"3",10069,1,"L6-004-02",0,"","20221118142402","20221118142402","939370"
1108,"3",10063,1,"L6-002-083",0,"","20221118142402","20221118142402","939370"
1108,"3",10069,1,"L6-004-02",0,"","20221118142402","20221118142402","939370"
1109,"3",10063,1,"L6-002-084",0,"","20221118142402","20221118142402","939370"
1109,"3",10069,1,"L6-004-02",0,"","20221118142402","20221118142402","939370"
1110,"3",10063,1,"L6-002-085",0,"","20221118142402","20221118142402","939370"
1110,"3",10069,1,"L6-004-02",0,"","20221118142402","20221118142402","939370"
1111,"3",10063,1,"L6-002-086",0,"","20221118142402","20221118142402","939370"
1111,"3",10069,1,"L6-004-02",0,"","20221118142402","20221118142402","939370"
1112,"3",10063,1,"L6-002-087",0,"","20221118142402","20221118142402","939370"
1112,"3",10069,1,"L6-004-02",0,"","20221118142402","20221118142402","939370"
1113,"3",10063,1,"L6-002-088",0,"","20221118142402","20221118142402","939370"
1113,"3",10069,1,"L6-004-02",0,"","20221118142402","20221118142402","939370"
1114,"3",10063,1,"L6-002-089",0,"","20221118142402","20221118142402","939370"
1114,"3",10069,1,"L6-004-02",0,"","20221118142402","20221118142402","939370"
1115,"3",10063,1,"L6-002-090",0,"","20221118142402","20221118142402","939370"
1115,"3",10069,1,"L6-004-02",0,"","20221118142402","20221118142402","939370"
1116,"3",10063,1,"L6-002-091",0,"","20221118142402","20221118142402","939370"
1116,"3",10069,1,"L6-004-02",0,"","20221118142402","20221118142402","939370"
1117,"3",10063,1,"L6-002-092",0,"","20221118142402","20221118142402","939370"
1117,"3",10069,1,"L6-004-02",0,"","20221118142402","20221118142402","939370"
1118,"3",10063,1,"L6-002-093",0,"","20221118142402","20221118142402","939370"
1118,"3",10069,1,"L6-004-02",0,"","20221118142402","20221118142402","939370"
1119,"3",10063,1,"L6-002-094",0,"","20221118142402","20221118142402","939370"
1119,"3",10069,1,"L6-004-02",0,"","20221118142402","20221118142402","939370"
1120,"3",10063,1,"L6-002-095",0,"","20221118142402","20221118142402","939370"
1120,"3",10069,1,"L6-004-02",0,"","20221118142402","20221118142402","939370"
1121,"3",10063,1,"L6-002-096",0,"","20221118142402","20221118142402","939370"
1121,"3",10069,1,"L6-004-02",0,"","20221118142402","20221118142402","939370"
1122,"3",10063,1,"L6-002-097",0,"","20221118142402","20221118142402","939370"
1122,"3",10069,1,"L6-004-02",0,"","20221118142402","20221118142402","939370"
1123,"3",10063,1,"L6-002-098",0,"","20221118142402","20221118142402","939370"
1123,"3",10069,1,"L6-004-02",0,"","20221118142402","20221118142402","939370"
1124,"3",10063,1,"L6-002-099",0,"","20221118142402","20221118142402","939370"
1124,"3",10069,1,"L6-004-02",0,"","20221118142402","20221118142402","939370"
1125,"3",10063,1,"L6-002-100",0,"","20221118142402","20221118142402","939370"
1125,"3",10069,1,"L6-004-02",0,"","20221118142402","20221118142402","939370"
1126,"3",10063,1,"L6-003-001",0,"","20221118142402","20221118142402","939370"
1126,"3",10069,1,"L6-004-03",0,"","20221118142402","20221118142402","939370"
1127,"3",10063,1,"L6-003-002",0,"","20221118142402","20221118142402","939370"
1127,"3",10069,1,"L6-004-03",0,"","20221118142402","20221118142402","939370"
1128,"3",10063,1,"L6-003-003",0,"","20221118142402","20221118142402","939370"
1128,"3",10069,1,"L6-004-03",0,"","20221118142402","20221118142402","939370"
1129,"3",10063,1,"L6-003-004",0,"","20221118142402","20221118142402","939370"
1129,"3",10069,1,"L6-004-03",0,"","20221118142402","20221118142402","939370"
1130,"3",10063,1,"L6-003-005",0,"","20221118142402","20221118142402","939370"
1130,"3",10069,1,"L6-004-03",0,"","20221118142402","20221118142402","939370"
1131,"3",10063,1,"L6-003-006",0,"","20221118142402","20221118142402","939370"
1131,"3",10069,1,"L6-004-03",0,"","20221118142402","20221118142402","939370"
1132,"3",10063,1,"L6-003-007",0,"","20221118142402","20221118142402","939370"
1132,"3",10069,1,"L6-004-03",0,"","20221118142402","20221118142402","939370"
1133,"3",10063,1,"L6-003-008",0,"","20221118142402","20221118142402","939370"
1133,"3",10069,1,"L6-004-03",0,"","20221118142402","20221118142402","939370"
1134,"3",10063,1,"L6-003-009",0,"","20221118142402","20221118142402","939370"
1134,"3",10069,1,"L6-004-03",0,"","20221118142402","20221118142402","939370"
1135,"3",10063,1,"L6-003-010",0,"","20221118142402","20221118142402","939370"
1135,"3",10069,1,"L6-004-03",0,"","20221118142402","20221118142402","939370"
1136,"3",10063,1,"L6-003-011",0,"","20221118142402","20221118142402","939370"
1136,"3",10069,1,"L6-004-03",0,"","20221118142402","20221118142402","939370"
1137,"3",10063,1,"L6-003-012",0,"","20221118142402","20221118142402","939370"
1137,"3",10069,1,"L6-004-03",0,"","20221118142402","20221118142402","939370"
1138,"3",10063,1,"L6-003-013",0,"","20221118142402","20221118142402","939370"
1138,"3",10069,1,"L6-004-03",0,"","20221118142402","20221118142402","939370"
1139,"3",10063,1,"L6-003-014",0,"","20221118142402","20221118142402","939370"
1139,"3",10069,1,"L6-004-03",0,"","20221118142402","20221118142402","939370"
1140,"3",10063,1,"L6-003-015",0,"","20221118142402","20221118142402","939370"
1140,"3",10069,1,"L6-004-03",0,"","20221118142402","20221118142402","939370"
1141,"3",10063,1,"L6-003-016",0,"","20221118142402","20221118142402","939370"
1141,"3",10069,1,"L6-004-03",0,"","20221118142402","20221118142402","939370"
1142,"3",10063,1,"L6-003-017",0,"","20221118142402","20221118142402","939370"
1142,"3",10069,1,"L6-004-03",0,"","20221118142402","20221118142402","939370"
1143,"3",10063,1,"L6-003-018",0,"","20221118142402","20221118142402","939370"
1143,"3",10069,1,"L6-004-03",0,"","20221118142402","20221118142402","939370"
1144,"3",10063,1,"L6-003-019",0,"","20221118142402","20221118142402","939370"
1144,"3",10069,1,"L6-004-03",0,"","20221118142402","20221118142402","939370"
1145,"3",10063,1,"L6-003-020",0,"","20221118142402","20221118142402","939370"
1145,"3",10069,1,"L6-004-03",0,"","20221118142402","20221118142402","939370"
1146,"3",10063,1,"L6-003-021",0,"","20221118142402","20221118142402","939370"
1146,"3",10069,1,"L6-004-03",0,"","20221118142402","20221118142402","939370"
1147,"3",10063,1,"L6-003-022",0,"","20221118142402","20221118142402","939370"
1147,"3",10069,1,"L6-004-03",0,"","20221118142402","20221118142402","939370"
1148,"3",10063,1,"L6-003-023",0,"","20221118142402","20221118142402","939370"
1148,"3",10069,1,"L6-004-03",0,"","20221118142402","20221118142402","939370"
1149,"3",10063,1,"L6-003-024",0,"","20221118142402","20221118142402","939370"
1149,"3",10069,1,"L6-004-03",0,"","20221118142402","20221118142402","939370"
1150,"3",10063,1,"L6-003-025",0,"","20221118142402","20221118142402","939370"
1150,"3",10069,1,"L6-004-03",0,"","20221118142402","20221118142402","939370"
1151,"3",10063,1,"L6-003-026",0,"","20221118142402","20221118142402","939370"
1151,"3",10069,1,"L6-004-03",0,"","20221118142402","20221118142402","939370"
1152,"3",10063,1,"L6-003-027",0,"","20221118142402","20221118142402","939370"
1152,"3",10069,1,"L6-004-03",0,"","20221118142402","20221118142402","939370"
1153,"3",10063,1,"L6-003-028",0,"","20221118142402","20221118142402","939370"
1153,"3",10069,1,"L6-004-03",0,"","20221118142402","20221118142402","939370"
1154,"3",10063,1,"L6-003-029",0,"","20221118142402","20221118142402","939370"
1154,"3",10069,1,"L6-004-03",0,"","20221118142402","20221118142402","939370"
1155,"3",10063,1,"L6-003-030",0,"","20221118142402","20221118142402","939370"
1155,"3",10069,1,"L6-004-03",0,"","20221118142402","20221118142402","939370"
1156,"3",10063,1,"L6-003-031",0,"","20221118142402","20221118142402","939370"
1156,"3",10069,1,"L6-004-03",0,"","20221118142402","20221118142402","939370"
1157,"3",10063,1,"L6-003-032",0,"","20221118142402","20221118142402","939370"
1157,"3",10069,1,"L6-004-03",0,"","20221118142402","20221118142402","939370"
1158,"3",10063,1,"L6-003-033",0,"","20221118142402","20221118142402","939370"
1158,"3",10069,1,"L6-004-03",0,"","20221118142402","20221118142402","939370"
1159,"3",10063,1,"L6-003-034",0,"","20221118142402","20221118142402","939370"
1159,"3",10069,1,"L6-004-03",0,"","20221118142402","20221118142402","939370"
1160,"3",10063,1,"L6-003-035",0,"","20221118142402","20221118142402","939370"
1160,"3",10069,1,"L6-004-03",0,"","20221118142402","20221118142402","939370"
1161,"3",10063,1,"L6-003-036",0,"","20221118142402","20221118142402","939370"
1161,"3",10069,1,"L6-004-03",0,"","20221118142402","20221118142402","939370"
1162,"3",10063,1,"L6-003-037",0,"","20221118142402","20221118142402","939370"
1162,"3",10069,1,"L6-004-03",0,"","20221118142402","20221118142402","939370"
1163,"3",10063,1,"L6-003-038",0,"","20221118142402","20221118142402","939370"
1163,"3",10069,1,"L6-004-03",0,"","20221118142402","20221118142402","939370"
1164,"3",10063,1,"L6-003-039",0,"","20221118142402","20221118142402","939370"
1164,"3",10069,1,"L6-004-03",0,"","20221118142402","20221118142402","939370"
1165,"3",10063,1,"L6-003-040",0,"","20221118142402","20221118142402","939370"
1165,"3",10069,1,"L6-004-03",0,"","20221118142402","20221118142402","939370"
1166,"3",10063,1,"L6-003-041",0,"","20221118142402","20221118142402","939370"
1166,"3",10069,1,"L6-004-03",0,"","20221118142402","20221118142402","939370"
1167,"3",10063,1,"L6-003-042",0,"","20221118142402","20221118142402","939370"
1167,"3",10069,1,"L6-004-03",0,"","20221118142402","20221118142402","939370"
1168,"3",10063,1,"L6-003-043",0,"","20221118142402","20221118142402","939370"
1168,"3",10069,1,"L6-004-03",0,"","20221118142402","20221118142402","939370"
1169,"3",10063,1,"L6-003-044",0,"","20221118142402","20221118142402","939370"
1169,"3",10069,1,"L6-004-03",0,"","20221118142402","20221118142402","939370"
1170,"3",10063,1,"L6-003-045",0,"","20221118142402","20221118142402","939370"
1170,"3",10069,1,"L6-004-03",0,"","20221118142402","20221118142402","939370"
1171,"3",10063,1,"L6-003-046",0,"","20221118142402","20221118142402","939370"
1171,"3",10069,1,"L6-004-03",0,"","20221118142402","20221118142402","939370"
1172,"3",10063,1,"L6-003-047",0,"","20221118142402","20221118142402","939370"
1172,"3",10069,1,"L6-004-03",0,"","20221118142402","20221118142402","939370"
1173,"3",10063,1,"L6-003-048",0,"","20221118142402","20221118142402","939370"
1173,"3",10069,1,"L6-004-03",0,"","20221118142402","20221118142402","939370"
1174,"3",10063,1,"L6-003-049",0,"","20221118142402","20221118142402","939370"
1174,"3",10069,1,"L6-004-03",0,"","20221118142402","20221118142402","939370"
1175,"3",10063,1,"L6-003-050",0,"","20221118142402","20221118142402","939370"
1175,"3",10069,1,"L6-004-04",0,"","20221118142402","20221118142402","939370"
1176,"3",10063,1,"L6-003-051",0,"","20221118142402","20221118142402","939370"
1176,"3",10069,1,"L6-004-04",0,"","20221118142402","20221118142402","939370"
1177,"3",10063,1,"L6-003-052",0,"","20221118142402","20221118142402","939370"
1177,"3",10069,1,"L6-004-04",0,"","20221118142402","20221118142402","939370"
1178,"3",10063,1,"L6-003-053",0,"","20221118142402","20221118142402","939370"
1178,"3",10069,1,"L6-004-04",0,"","20221118142402","20221118142402","939370"
1179,"3",10063,1,"L6-003-054",0,"","20221118142402","20221118142402","939370"
1179,"3",10069,1,"L6-004-04",0,"","20221118142402","20221118142402","939370"
1180,"3",10063,1,"L6-003-055",0,"","20221118142402","20221118142402","939370"
1180,"3",10069,1,"L6-004-04",0,"","20221118142402","20221118142402","939370"
1181,"3",10063,1,"L6-003-056",0,"","20221118142402","20221118142402","939370"
1181,"3",10069,1,"L6-004-04",0,"","20221118142402","20221118142402","939370"
1182,"3",10063,1,"L6-003-057",0,"","20221118142402","20221118142402","939370"
1182,"3",10069,1,"L6-004-04",0,"","20221118142402","20221118142402","939370"
1183,"3",10063,1,"L6-003-058",0,"","20221118142402","20221118142402","939370"
1183,"3",10069,1,"L6-004-04",0,"","20221118142402","20221118142402","939370"
1184,"3",10063,1,"L6-003-059",0,"","20221118142402","20221118142402","939370"
1184,"3",10069,1,"L6-004-04",0,"","20221118142402","20221118142402","939370"
1185,"3",10063,1,"L6-003-060",0,"","20221118142402","20221118142402","939370"
1185,"3",10069,1,"L6-004-04",0,"","20221118142402","20221118142402","939370"
1186,"3",10063,1,"L6-003-061",0,"","20221118142402","20221118142402","939370"
1186,"3",10069,1,"L6-004-04",0,"","20221118142402","20221118142402","939370"
1187,"3",10063,1,"L6-003-062",0,"","20221118142402","20221118142402","939370"
1187,"3",10069,1,"L6-004-04",0,"","20221118142402","20221118142402","939370"
1188,"3",10063,1,"L6-003-063",0,"","20221118142402","20221118142402","939370"
1188,"3",10069,1,"L6-004-04",0,"","20221118142402","20221118142402","939370"
1189,"3",10063,1,"L6-003-064",0,"","20221118142402","20221118142402","939370"
1189,"3",10069,1,"L6-004-04",0,"","20221118142402","20221118142402","939370"
1190,"3",10063,1,"L6-003-065",0,"","20221118142402","20221118142402","939370"
1190,"3",10069,1,"L6-004-04",0,"","20221118142402","20221118142402","939370"
1191,"3",10063,1,"L6-003-066",0,"","20221118142402","20221118142402","939370"
1191,"3",10069,1,"L6-004-04",0,"","20221118142402","20221118142402","939370"
1192,"3",10063,1,"L6-003-067",0,"","20221118142402","20221118142402","939370"
1192,"3",10069,1,"L6-004-04",0,"","20221118142402","20221118142402","939370"
1193,"3",10063,1,"L6-003-068",0,"","20221118142402","20221118142402","939370"
1193,"3",10069,1,"L6-004-04",0,"","20221118142402","20221118142402","939370"
1194,"3",10063,1,"L6-003-069",0,"","20221118142402","20221118142402","939370"
1194,"3",10069,1,"L6-004-04",0,"","20221118142402","20221118142402","939370"
1195,"3",10063,1,"L6-003-070",0,"","20221118142402","20221118142402","939370"
1195,"3",10069,1,"L6-004-04",0,"","20221118142402","20221118142402","939370"
1196,"3",10063,1,"L6-003-071",0,"","20221118142402","20221118142402","939370"
1196,"3",10069,1,"L6-004-04",0,"","20221118142402","20221118142402","939370"
1197,"3",10063,1,"L6-003-072",0,"","20221118142402","20221118142402","939370"
1197,"3",10069,1,"L6-004-04",0,"","20221118142402","20221118142402","939370"
1198,"3",10063,1,"L6-003-073",0,"","20221118142402","20221118142402","939370"
1198,"3",10069,1,"L6-004-04",0,"","20221118142402","20221118142402","939370"
1199,"3",10063,1,"L6-003-074",0,"","20221118142402","20221118142402","939370"
1199,"3",10069,1,"L6-004-04",0,"","20221118142402","20221118142402","939370"
1200,"3",10063,1,"L6-003-075",0,"","20221118142402","20221118142402","939370"
1200,"3",10069,1,"L6-004-04",0,"","20221118142402","20221118142402","939370"
1201,"3",10063,1,"L6-003-076",0,"","20221118142402","20221118142402","939370"
1201,"3",10069,1,"L6-004-04",0,"","20221118142402","20221118142402","939370"
1202,"3",10063,1,"L6-003-077",0,"","20221118142402","20221118142402","939370"
1202,"3",10069,1,"L6-004-04",0,"","20221118142402","20221118142402","939370"
1203,"3",10063,1,"L6-003-078",0,"","20221118142402","20221118142402","939370"
1203,"3",10069,1,"L6-004-04",0,"","20221118142402","20221118142402","939370"
1204,"3",10063,1,"L6-003-079",0,"","20221118142402","20221118142402","939370"
1204,"3",10069,1,"L6-004-04",0,"","20221118142402","20221118142402","939370"
1205,"3",10063,1,"L6-003-080",0,"","20221118142402","20221118142402","939370"
1205,"3",10069,1,"L6-004-04",0,"","20221118142402","20221118142402","939370"
1206,"3",10063,1,"L6-003-081",0,"","20221118142402","20221118142402","939370"
1206,"3",10069,1,"L6-004-04",0,"","20221118142402","20221118142402","939370"
1207,"3",10063,1,"L6-003-082",0,"","20221118142402","20221118142402","939370"
1207,"3",10069,1,"L6-004-04",0,"","20221118142402","20221118142402","939370"
1208,"3",10063,1,"L6-003-083",0,"","20221118142402","20221118142402","939370"
1208,"3",10069,1,"L6-004-04",0,"","20221118142402","20221118142402","939370"
1209,"3",10063,1,"L6-003-084",0,"","20221118142402","20221118142402","939370"
1209,"3",10069,1,"L6-004-04",0,"","20221118142402","20221118142402","939370"
1210,"3",10063,1,"L6-003-085",0,"","20221118142402","20221118142402","939370"
1210,"3",10069,1,"L6-004-04",0,"","20221118142402","20221118142402","939370"
1211,"3",10063,1,"L6-003-086",0,"","20221118142402","20221118142402","939370"
1211,"3",10069,1,"L6-004-04",0,"","20221118142402","20221118142402","939370"
1212,"3",10063,1,"L6-003-087",0,"","20221118142402","20221118142402","939370"
1212,"3",10069,1,"L6-004-04",0,"","20221118142402","20221118142402","939370"
1213,"3",10063,1,"L6-003-088",0,"","20221118142402","20221118142402","939370"
1213,"3",10069,1,"L6-004-04",0,"","20221118142402","20221118142402","939370"
1214,"3",10063,1,"L6-003-089",0,"","20221118142402","20221118142402","939370"
1214,"3",10069,1,"L6-004-04",0,"","20221118142402","20221118142402","939370"
1215,"3",10063,1,"L6-003-090",0,"","20221118142402","20221118142402","939370"
1215,"3",10069,1,"L6-004-04",0,"","20221118142402","20221118142402","939370"
1216,"3",10063,1,"L6-003-091",0,"","20221118142402","20221118142402","939370"
1216,"3",10069,1,"L6-004-04",0,"","20221118142402","20221118142402","939370"
1217,"3",10063,1,"L6-003-092",0,"","20221118142402","20221118142402","939370"
1217,"3",10069,1,"L6-004-04",0,"","20221118142402","20221118142402","939370"
1218,"3",10063,1,"L6-003-093",0,"","20221118142402","20221118142402","939370"
1218,"3",10069,1,"L6-004-04",0,"","20221118142402","20221118142402","939370"
1219,"3",10063,1,"L6-003-094",0,"","20221118142402","20221118142402","939370"
1219,"3",10069,1,"L6-004-04",0,"","20221118142402","20221118142402","939370"
1220,"3",10063,1,"L6-003-095",0,"","20221118142402","20221118142402","939370"
1220,"3",10069,1,"L6-004-04",0,"","20221118142402","20221118142402","939370"
1221,"3",10063,1,"L6-003-096",0,"","20221118142402","20221118142402","939370"
1221,"3",10069,1,"L6-004-04",0,"","20221118142402","20221118142402","939370"
1222,"3",10063,1,"L6-003-097",0,"","20221118142402","20221118142402","939370"
1222,"3",10069,1,"L6-004-04",0,"","20221118142402","20221118142402","939370"
1223,"3",10063,1,"L6-003-098",0,"","20221118142402","20221118142402","939370"
1223,"3",10069,1,"L6-004-04",0,"","20221118142402","20221118142402","939370"
1224,"3",10063,1,"L6-003-099",0,"","20221118142402","20221118142402","939370"
1224,"3",10069,1,"L6-004-04",0,"","20221118142402","20221118142402","939370"
1225,"3",10063,1,"L6-003-100",0,"","20221118142402","20221118142402","939370"
1225,"3",10069,1,"L6-004-04",0,"","20221118142402","20221118142402","939370"
1226,"3",10059,1,"L6-005-01",0,"","20221118142402","20221118142402","939370"
1226,"3",10070,1,"L6-004-05",0,"","20221118142402","20221118142402","939370"
1227,"3",10059,1,"L6-005-02",0,"","20221118142402","20221118142402","939370"
1227,"3",10070,1,"L6-004-05",0,"","20221118142402","20221118142402","939370"
1228,"3",10059,1,"L6-005-03",0,"","20221118142402","20221118142402","939370"
1228,"3",10070,1,"L6-004-05",0,"","20221118142402","20221118142402","939370"
1229,"3",10059,1,"L6-005-04",0,"","20221118142402","20221118142402","939370"
1229,"3",10070,1,"L6-004-05",0,"","20221118142402","20221118142402","939370"
1230,"3",10059,1,"L6-005-05",0,"","20221118142402","20221118142402","939370"
1230,"3",10070,1,"L6-004-05",0,"","20221118142402","20221118142402","939370"
1231,"3",10059,1,"L6-005-06",0,"","20221118142402","20221118142402","939370"
1231,"3",10070,1,"L6-004-05",0,"","20221118142402","20221118142402","939370"
1232,"3",10059,1,"L6-005-07",0,"","20221118142402","20221118142402","939370"
1232,"3",10070,1,"L6-004-05",0,"","20221118142402","20221118142402","939370"
1233,"3",10060,1,"L6-001-01",0,"","20221222000000","20221222000000","938673"
1234,"3",10070,1,"L6-004-05",0,"","20221222000000","20221222000000","938673"
