gln,wh_id,uc_delivery_id,ins_dt,last_upd_dt,last_upd_user_id
"8713783461136","3",1004,"20221118171836","20221118171836","939370"
"8713783461136","3",1216,"20221118140512","20221118140512","939370"
"8713783461136","3",1233,"20221222000000","20221222000000","938673"
"8713783461136","3",1234,"20221222000000","20221222000000","938673"
"8713783466650","3",1003,"20221118171812","20221118171812","939370"
"8713783466650","3",1172,"20221118140512","20221118140512","939370"
"8713783466650","3",1228,"20221118140512","20221118140512","939370"
"8713783466650","3",1233,"20221222000000","20221222000000","938673"
"8713783807484","3",1003,"20221118171812","20221118171812","939370"
"8713783807484","3",1131,"20221118140512","20221118140512","939370"
"8713783807484","3",1231,"20221118140512","20221118140512","939370"
"8713783807484","3",1233,"20221222000000","20221222000000","938673"
"8713783807521","3",1004,"20221118171836","20221118171836","939370"
"8713783807521","3",1181,"20221118140512","20221118140512","939370"
"8713783807521","3",1228,"20221118140512","20221118140512","939370"
"8713783807521","3",1233,"20221222000000","20221222000000","938673"
"8713783807545","3",1001,"20221118140512","20221118140512","939370"
"8713783807545","3",1049,"20221118140512","20221118140512","939370"
"8713783807545","3",1226,"20221118140512","20221118140512","939370"
"8713783807545","3",1233,"20221222000000","20221222000000","938673"
"8713783807774","3",1003,"20221118171812","20221118171812","939370"
"8713783807774","3",1171,"20221118140512","20221118140512","939370"
"8713783807774","3",1230,"20221118140512","20221118140512","939370"
"8713783807774","3",1233,"20221222000000","20221222000000","938673"
"8713783843093","3",1001,"20221118171726","20221118171726","939370"
"8713783843093","3",1072,"20221118140512","20221118140512","939370"
"8713783843093","3",1229,"20221118140512","20221118140512","939370"
"8713783843093","3",1233,"20221222000000","20221222000000","938673"
"8713783843222","3",1001,"20221118171726","20221118171726","939370"
"8713783843222","3",1064,"20221118140512","20221118140512","939370"
"8713783843222","3",1229,"20221118140512","20221118140512","939370"
"8713783843369","3",1003,"20221118171812","20221118171812","939370"
"8713783843369","3",1143,"20221118140512","20221118140512","939370"
"8713783843369","3",1230,"20221118140512","20221118140512","939370"
"8713783843369","3",1233,"20221222000000","20221222000000","938673"
"8713783850060","3",1003,"20221118171812","20221118171812","939370"
"8713783850060","3",1132,"20221118140512","20221118140512","939370"
"8713783850060","3",1231,"20221118140512","20221118140512","939370"
"8713783850060","3",1233,"20221222000000","20221222000000","938673"
"8713783850077","3",1001,"20221118140512","20221118140512","939370"
"8713783850077","3",1046,"20221118140512","20221118140512","939370"
"8713783850077","3",1226,"20221118140512","20221118140512","939370"
"8713783850077","3",1233,"20221222000000","20221222000000","938673"
"8713783850084","3",1001,"20221118140512","20221118140512","939370"
"8713783850084","3",1046,"20221118140512","20221118140512","939370"
"8713783850084","3",1226,"20221118140512","20221118140512","939370"
"8713783850084","3",1233,"20221222000000","20221222000000","938673"
"8713783860847","3",1003,"20221118171812","20221118171812","939370"
"8713783860847","3",1147,"20221118140512","20221118140512","939370"
"8713783860847","3",1231,"20221118140512","20221118140512","939370"
"8713783860847","3",1233,"20221222000000","20221222000000","938673"
"8713783878507","3",1001,"20221118171726","20221118171726","939370"
"8713783878507","3",1066,"20221118140512","20221118140512","939370"
"8713783878507","3",1229,"20221118140512","20221118140512","939370"
"8713783878507","3",1233,"20221222000000","20221222000000","938673"
"8713783878514","3",1001,"20221118171726","20221118171726","939370"
"8713783878514","3",1066,"20221118140512","20221118140512","939370"
"8713783878514","3",1229,"20221118140512","20221118140512","939370"
"8713783878514","3",1233,"20221222000000","20221222000000","938673"
"8713783878521","3",1001,"20221118171726","20221118171726","939370"
"8713783878521","3",1066,"20221118140512","20221118140512","939370"
"8713783878521","3",1229,"20221118140512","20221118140512","939370"
"8713783878521","3",1233,"20221222000000","20221222000000","938673"
"8713783878552","3",1001,"20221118171726","20221118171726","939370"
"8713783878552","3",1066,"20221118140512","20221118140512","939370"
"8713783878552","3",1229,"20221118140512","20221118140512","939370"
"8713783878552","3",1233,"20221222000000","20221222000000","938673"
"8713783878576","3",1001,"20221118171726","20221118171726","939370"
"8713783878576","3",1066,"20221118140512","20221118140512","939370"
"8713783878576","3",1229,"20221118140512","20221118140512","939370"
"8713783878576","3",1233,"20221222000000","20221222000000","938673"
"8713783878590","3",1001,"20221118171726","20221118171726","939370"
"8713783878590","3",1072,"20221118140512","20221118140512","939370"
"8713783878590","3",1229,"20221118140512","20221118140512","939370"
"8713783878590","3",1233,"20221222000000","20221222000000","938673"
"8713783878606","3",1001,"20221118171726","20221118171726","939370"
"8713783878606","3",1073,"20221118140512","20221118140512","939370"
"8713783878606","3",1229,"20221118140512","20221118140512","939370"
"8713783878606","3",1233,"20221222000000","20221222000000","938673"
"8713783878613","3",1001,"20221118171726","20221118171726","939370"
"8713783878613","3",1072,"20221118140512","20221118140512","939370"
"8713783878613","3",1229,"20221118140512","20221118140512","939370"
"8713783878613","3",1233,"20221222000000","20221222000000","938673"
"8713783878637","3",1001,"20221118171726","20221118171726","939370"
"8713783878637","3",1072,"20221118140512","20221118140512","939370"
"8713783878637","3",1229,"20221118140512","20221118140512","939370"
"8713783878637","3",1233,"20221222000000","20221222000000","938673"
"8713783878644","3",1001,"20221118171726","20221118171726","939370"
"8713783878644","3",1072,"20221118140512","20221118140512","939370"
"8713783878644","3",1229,"20221118140512","20221118140512","939370"
"8713783878644","3",1233,"20221222000000","20221222000000","938673"
"8713783878651","3",1001,"20221118171726","20221118171726","939370"
"8713783878651","3",1071,"20221118140512","20221118140512","939370"
"8713783878651","3",1229,"20221118140512","20221118140512","939370"
"8713783878651","3",1233,"20221222000000","20221222000000","938673"
"8713783878668","3",1001,"20221118171726","20221118171726","939370"
"8713783878668","3",1071,"20221118140512","20221118140512","939370"
"8713783878668","3",1229,"20221118140512","20221118140512","939370"
"8713783878668","3",1233,"20221222000000","20221222000000","938673"
"8713783878675","3",1001,"20221118171726","20221118171726","939370"
"8713783878675","3",1071,"20221118140512","20221118140512","939370"
"8713783878675","3",1229,"20221118140512","20221118140512","939370"
"8713783878675","3",1233,"20221222000000","20221222000000","938673"
"8713783878682","3",1001,"20221118171726","20221118171726","939370"
"8713783878682","3",1071,"20221118140512","20221118140512","939370"
"8713783878682","3",1229,"20221118140512","20221118140512","939370"
"8713783878682","3",1233,"20221222000000","20221222000000","938673"
"8713783878699","3",1001,"20221118171726","20221118171726","939370"
"8713783878699","3",1069,"20221118140512","20221118140512","939370"
"8713783878699","3",1229,"20221118140512","20221118140512","939370"
"8713783878699","3",1233,"20221222000000","20221222000000","938673"
"8713783878712","3",1001,"20221118171726","20221118171726","939370"
"8713783878712","3",1069,"20221118140512","20221118140512","939370"
"8713783878712","3",1229,"20221118140512","20221118140512","939370"
"8713783878712","3",1233,"20221222000000","20221222000000","938673"
"8713783878729","3",1001,"20221118171726","20221118171726","939370"
"8713783878729","3",1069,"20221118140512","20221118140512","939370"
"8713783878729","3",1229,"20221118140512","20221118140512","939370"
"8713783878729","3",1233,"20221222000000","20221222000000","938673"
"8713783878736","3",1001,"20221118171726","20221118171726","939370"
"8713783878736","3",1069,"20221118140512","20221118140512","939370"
"8713783878736","3",1229,"20221118140512","20221118140512","939370"
"8713783878736","3",1233,"20221222000000","20221222000000","938673"
"8713783878743","3",1001,"20221118171726","20221118171726","939370"
"8713783878743","3",1068,"20221118140512","20221118140512","939370"
"8713783878743","3",1229,"20221118140512","20221118140512","939370"
"8713783878743","3",1233,"20221222000000","20221222000000","938673"
"8713783878750","3",1001,"20221118171726","20221118171726","939370"
"8713783878750","3",1068,"20221118140512","20221118140512","939370"
"8713783878750","3",1229,"20221118140512","20221118140512","939370"
"8713783878750","3",1233,"20221222000000","20221222000000","938673"
"8713783878767","3",1001,"20221118171726","20221118171726","939370"
"8713783878767","3",1068,"20221118140512","20221118140512","939370"
"8713783878767","3",1229,"20221118140512","20221118140512","939370"
"8713783878767","3",1233,"20221222000000","20221222000000","938673"
"8713783878774","3",1001,"20221118171726","20221118171726","939370"
"8713783878774","3",1064,"20221118140512","20221118140512","939370"
"8713783878774","3",1229,"20221118140512","20221118140512","939370"
"8713783878774","3",1233,"20221222000000","20221222000000","938673"
"8713783878804","3",1003,"20221118171812","20221118171812","939370"
"8713783878804","3",1137,"20221118140512","20221118140512","939370"
"8713783878804","3",1231,"20221118140512","20221118140512","939370"
"8713783878804","3",1233,"20221222000000","20221222000000","938673"
"8713783878811","3",1003,"20221118171812","20221118171812","939370"
"8713783878811","3",1136,"20221118140512","20221118140512","939370"
"8713783878811","3",1231,"20221118140512","20221118140512","939370"
"8713783878811","3",1233,"20221222000000","20221222000000","938673"
"8713783878828","3",1003,"20221118171812","20221118171812","939370"
"8713783878828","3",1136,"20221118140512","20221118140512","939370"
"8713783878828","3",1231,"20221118140512","20221118140512","939370"
"8713783878828","3",1233,"20221222000000","20221222000000","938673"
"8713783878859","3",1003,"20221118171812","20221118171812","939370"
"8713783878859","3",1132,"20221118140512","20221118140512","939370"
"8713783878859","3",1231,"20221118140512","20221118140512","939370"
"8713783878859","3",1233,"20221222000000","20221222000000","938673"
"8713783878866","3",1003,"20221118171812","20221118171812","939370"
"8713783878866","3",1134,"20221118140512","20221118140512","939370"
"8713783878866","3",1231,"20221118140512","20221118140512","939370"
"8713783878866","3",1233,"20221222000000","20221222000000","938673"
"8713783878873","3",1003,"20221118171812","20221118171812","939370"
"8713783878873","3",1132,"20221118140512","20221118140512","939370"
"8713783878873","3",1231,"20221118140512","20221118140512","939370"
"8713783878873","3",1233,"20221222000000","20221222000000","938673"
"8713783878897","3",1003,"20221118171812","20221118171812","939370"
"8713783878897","3",1133,"20221118140512","20221118140512","939370"
"8713783878897","3",1231,"20221118140512","20221118140512","939370"
"8713783878897","3",1233,"20221222000000","20221222000000","938673"
"8713783878910","3",1003,"20221118171812","20221118171812","939370"
"8713783878910","3",1133,"20221118140512","20221118140512","939370"
"8713783878910","3",1232,"20221118140512","20221118140512","939370"
"8713783878910","3",1233,"20221222000000","20221222000000","938673"
"8713783878927","3",1003,"20221118171812","20221118171812","939370"
"8713783878927","3",1126,"20221118140512","20221118140512","939370"
"8713783878927","3",1232,"20221118140512","20221118140512","939370"
"8713783878927","3",1233,"20221222000000","20221222000000","938673"
"8713783878934","3",1003,"20221118171812","20221118171812","939370"
"8713783878934","3",1135,"20221118140512","20221118140512","939370"
"8713783878934","3",1231,"20221118140512","20221118140512","939370"
"8713783878934","3",1233,"20221222000000","20221222000000","938673"
"8713783878941","3",1003,"20221118171812","20221118171812","939370"
"8713783878941","3",1134,"20221118140512","20221118140512","939370"
"8713783878941","3",1232,"20221118140512","20221118140512","939370"
"8713783878941","3",1233,"20221222000000","20221222000000","938673"
"8713783878958","3",1003,"20221118171812","20221118171812","939370"
"8713783878958","3",1132,"20221118140512","20221118140512","939370"
"8713783878958","3",1231,"20221118140512","20221118140512","939370"
"8713783878958","3",1233,"20221222000000","20221222000000","938673"
"8713783879061","3",1003,"20221118171812","20221118171812","939370"
"8713783879061","3",1143,"20221118140512","20221118140512","939370"
"8713783879061","3",1231,"20221118140512","20221118140512","939370"
"8713783879061","3",1233,"20221222000000","20221222000000","938673"
"8713783879078","3",1003,"20221118171812","20221118171812","939370"
"8713783879078","3",1143,"20221118140512","20221118140512","939370"
"8713783879078","3",1231,"20221118140512","20221118140512","939370"
"8713783879078","3",1233,"20221222000000","20221222000000","938673"
"8713783879085","3",1003,"20221118171812","20221118171812","939370"
"8713783879085","3",1143,"20221118140512","20221118140512","939370"
"8713783879085","3",1231,"20221118140512","20221118140512","939370"
"8713783879085","3",1233,"20221222000000","20221222000000","938673"
"8713783879108","3",1003,"20221118171812","20221118171812","939370"
"8713783879108","3",1143,"20221118140512","20221118140512","939370"
"8713783879108","3",1231,"20221118140512","20221118140512","939370"
"8713783879108","3",1233,"20221222000000","20221222000000","938673"
"8713783879115","3",1003,"20221118171812","20221118171812","939370"
"8713783879115","3",1144,"20221118140512","20221118140512","939370"
"8713783879115","3",1231,"20221118140512","20221118140512","939370"
"8713783879115","3",1233,"20221222000000","20221222000000","938673"
"8713783879122","3",1003,"20221118171812","20221118171812","939370"
"8713783879122","3",1144,"20221118140512","20221118140512","939370"
"8713783879122","3",1231,"20221118140512","20221118140512","939370"
"8713783879122","3",1233,"20221222000000","20221222000000","938673"
"8713783879139","3",1003,"20221118171812","20221118171812","939370"
"8713783879139","3",1144,"20221118140512","20221118140512","939370"
"8713783879139","3",1231,"20221118140512","20221118140512","939370"
"8713783879139","3",1233,"20221222000000","20221222000000","938673"
"8713783879184","3",1003,"20221118171812","20221118171812","939370"
"8713783879184","3",1171,"20221118140512","20221118140512","939370"
"8713783879184","3",1230,"20221118140512","20221118140512","939370"
"8713783879184","3",1233,"20221222000000","20221222000000","938673"
"8713783879221","3",1003,"20221118171812","20221118171812","939370"
"8713783879221","3",1169,"20221118140512","20221118140512","939370"
"8713783879221","3",1230,"20221118140512","20221118140512","939370"
"8713783879221","3",1233,"20221222000000","20221222000000","938673"
"8713783879238","3",1003,"20221118171812","20221118171812","939370"
"8713783879238","3",1169,"20221118140512","20221118140512","939370"
"8713783879238","3",1230,"20221118140512","20221118140512","939370"
"8713783879238","3",1233,"20221222000000","20221222000000","938673"
"8713783879252","3",1003,"20221118171812","20221118171812","939370"
"8713783879252","3",1169,"20221118140512","20221118140512","939370"
"8713783879252","3",1230,"20221118140512","20221118140512","939370"
"8713783879252","3",1233,"20221222000000","20221222000000","938673"
"8713783879269","3",1003,"20221118171812","20221118171812","939370"
"8713783879269","3",1168,"20221118140512","20221118140512","939370"
"8713783879269","3",1230,"20221118140512","20221118140512","939370"
"8713783879269","3",1233,"20221222000000","20221222000000","938673"
"8713783879283","3",1003,"20221118171812","20221118171812","939370"
"8713783879283","3",1166,"20221118140512","20221118140512","939370"
"8713783879283","3",1230,"20221118140512","20221118140512","939370"
"8713783879283","3",1233,"20221222000000","20221222000000","938673"
"8713783879313","3",1003,"20221118171812","20221118171812","939370"
"8713783879313","3",1165,"20221118140512","20221118140512","939370"
"8713783879313","3",1230,"20221118140512","20221118140512","939370"
"8713783879313","3",1233,"20221222000000","20221222000000","938673"
"8713783879320","3",1003,"20221118171812","20221118171812","939370"
"8713783879320","3",1164,"20221118140512","20221118140512","939370"
"8713783879320","3",1230,"20221118140512","20221118140512","939370"
"8713783879320","3",1233,"20221222000000","20221222000000","938673"
"8713783879337","3",1003,"20221118171812","20221118171812","939370"
"8713783879337","3",1166,"20221118140512","20221118140512","939370"
"8713783879337","3",1230,"20221118140512","20221118140512","939370"
"8713783879337","3",1233,"20221222000000","20221222000000","938673"
"8713783879344","3",1003,"20221118171812","20221118171812","939370"
"8713783879344","3",1167,"20221118140512","20221118140512","939370"
"8713783879344","3",1230,"20221118140512","20221118140512","939370"
"8713783879344","3",1233,"20221222000000","20221222000000","938673"
"8713783879351","3",1003,"20221118171812","20221118171812","939370"
"8713783879351","3",1153,"20221118140512","20221118140512","939370"
"8713783879351","3",1231,"20221118140512","20221118140512","939370"
"8713783879351","3",1233,"20221222000000","20221222000000","938673"
"8713783879368","3",1003,"20221118171812","20221118171812","939370"
"8713783879368","3",1146,"20221118140512","20221118140512","939370"
"8713783879368","3",1231,"20221118140512","20221118140512","939370"
"8713783879368","3",1233,"20221222000000","20221222000000","938673"
"8713783879382","3",1003,"20221118171812","20221118171812","939370"
"8713783879382","3",1155,"20221118140512","20221118140512","939370"
"8713783879382","3",1231,"20221118140512","20221118140512","939370"
"8713783879382","3",1233,"20221222000000","20221222000000","938673"
"8713783879399","3",1003,"20221118171812","20221118171812","939370"
"8713783879399","3",1147,"20221118140512","20221118140512","939370"
"8713783879399","3",1231,"20221118140512","20221118140512","939370"
"8713783879399","3",1233,"20221222000000","20221222000000","938673"
"8713783879405","3",1003,"20221118171812","20221118171812","939370"
"8713783879405","3",1147,"20221118140512","20221118140512","939370"
"8713783879405","3",1231,"20221118140512","20221118140512","939370"
"8713783879405","3",1233,"20221222000000","20221222000000","938673"
"8713783879429","3",1003,"20221118171812","20221118171812","939370"
"8713783879429","3",1148,"20221118140512","20221118140512","939370"
"8713783879429","3",1231,"20221118140512","20221118140512","939370"
"8713783879429","3",1233,"20221222000000","20221222000000","938673"
"8713783879436","3",1003,"20221118171812","20221118171812","939370"
"8713783879436","3",1149,"20221118140512","20221118140512","939370"
"8713783879436","3",1231,"20221118140512","20221118140512","939370"
"8713783879436","3",1233,"20221222000000","20221222000000","938673"
"8713783879443","3",1003,"20221118171812","20221118171812","939370"
"8713783879443","3",1156,"20221118140512","20221118140512","939370"
"8713783879443","3",1231,"20221118140512","20221118140512","939370"
"8713783879443","3",1233,"20221222000000","20221222000000","938673"
"8713783879450","3",1003,"20221118171812","20221118171812","939370"
"8713783879450","3",1157,"20221118140512","20221118140512","939370"
"8713783879450","3",1231,"20221118140512","20221118140512","939370"
"8713783879450","3",1233,"20221222000000","20221222000000","938673"
"8713783879467","3",1003,"20221118171812","20221118171812","939370"
"8713783879467","3",1149,"20221118140512","20221118140512","939370"
"8713783879467","3",1231,"20221118140512","20221118140512","939370"
"8713783879467","3",1233,"20221222000000","20221222000000","938673"
"8713783879474","3",1003,"20221118171812","20221118171812","939370"
"8713783879474","3",1157,"20221118140512","20221118140512","939370"
"8713783879474","3",1231,"20221118140512","20221118140512","939370"
"8713783879474","3",1233,"20221222000000","20221222000000","938673"
"8713783879481","3",1003,"20221118171812","20221118171812","939370"
"8713783879481","3",1149,"20221118140512","20221118140512","939370"
"8713783879481","3",1231,"20221118140512","20221118140512","939370"
"8713783879481","3",1233,"20221222000000","20221222000000","938673"
"8713783879498","3",1003,"20221118171812","20221118171812","939370"
"8713783879498","3",1149,"20221118140512","20221118140512","939370"
"8713783879498","3",1231,"20221118140512","20221118140512","939370"
"8713783879498","3",1233,"20221222000000","20221222000000","938673"
"8713783879504","3",1003,"20221118171812","20221118171812","939370"
"8713783879504","3",1158,"20221118140512","20221118140512","939370"
"8713783879504","3",1231,"20221118140512","20221118140512","939370"
"8713783879504","3",1233,"20221222000000","20221222000000","938673"
"8713783879511","3",1003,"20221118171812","20221118171812","939370"
"8713783879511","3",1138,"20221118140512","20221118140512","939370"
"8713783879511","3",1231,"20221118140512","20221118140512","939370"
"8713783879511","3",1233,"20221222000000","20221222000000","938673"
"8713783879535","3",1003,"20221118171812","20221118171812","939370"
"8713783879535","3",1138,"20221118140512","20221118140512","939370"
"8713783879535","3",1231,"20221118140512","20221118140512","939370"
"8713783879535","3",1233,"20221222000000","20221222000000","938673"
"8713783879542","3",1003,"20221118171812","20221118171812","939370"
"8713783879542","3",1151,"20221118140512","20221118140512","939370"
"8713783879542","3",1231,"20221118140512","20221118140512","939370"
"8713783879542","3",1233,"20221222000000","20221222000000","938673"
"8713783879559","3",1003,"20221118171812","20221118171812","939370"
"8713783879559","3",1139,"20221118140512","20221118140512","939370"
"8713783879559","3",1231,"20221118140512","20221118140512","939370"
"8713783879559","3",1233,"20221222000000","20221222000000","938673"
"8713783879566","3",1003,"20221118171812","20221118171812","939370"
"8713783879566","3",1151,"20221118140512","20221118140512","939370"
"8713783879566","3",1231,"20221118140512","20221118140512","939370"
"8713783879566","3",1233,"20221222000000","20221222000000","938673"
"8713783879580","3",1003,"20221118171812","20221118171812","939370"
"8713783879580","3",1141,"20221118140512","20221118140512","939370"
"8713783879580","3",1231,"20221118140512","20221118140512","939370"
"8713783879580","3",1233,"20221222000000","20221222000000","938673"
"8713783879832","3",1001,"20221118171726","20221118171726","939370"
"8713783879832","3",1055,"20221118140512","20221118140512","939370"
"8713783879832","3",1229,"20221118140512","20221118140512","939370"
"8713783879832","3",1233,"20221222000000","20221222000000","938673"
"8713783879849","3",1001,"20221118171726","20221118171726","939370"
"8713783879849","3",1055,"20221118140512","20221118140512","939370"
"8713783879849","3",1229,"20221118140512","20221118140512","939370"
"8713783879849","3",1233,"20221222000000","20221222000000","938673"
"8713783879856","3",1001,"20221118171726","20221118171726","939370"
"8713783879856","3",1054,"20221118140512","20221118140512","939370"
"8713783879856","3",1229,"20221118140512","20221118140512","939370"
"8713783879856","3",1233,"20221222000000","20221222000000","938673"
"8713783879870","3",1001,"20221118171726","20221118171726","939370"
"8713783879870","3",1054,"20221118140512","20221118140512","939370"
"8713783879870","3",1229,"20221118140512","20221118140512","939370"
"8713783879870","3",1233,"20221222000000","20221222000000","938673"
"8713783879894","3",1001,"20221118171726","20221118171726","939370"
"8713783879894","3",1054,"20221118140512","20221118140512","939370"
"8713783879894","3",1229,"20221118140512","20221118140512","939370"
"8713783879894","3",1233,"20221222000000","20221222000000","938673"
"8713783879900","3",1001,"20221118171726","20221118171726","939370"
"8713783879900","3",1054,"20221118140512","20221118140512","939370"
"8713783879900","3",1229,"20221118140512","20221118140512","939370"
"8713783879900","3",1233,"20221222000000","20221222000000","938673"
"8713783879917","3",1001,"20221118171726","20221118171726","939370"
"8713783879917","3",1053,"20221118140512","20221118140512","939370"
"8713783879917","3",1229,"20221118140512","20221118140512","939370"
"8713783879917","3",1233,"20221222000000","20221222000000","938673"
"8713783879931","3",1001,"20221118171726","20221118171726","939370"
"8713783879931","3",1053,"20221118140512","20221118140512","939370"
"8713783879931","3",1229,"20221118140512","20221118140512","939370"
"8713783879931","3",1233,"20221222000000","20221222000000","938673"
"8713783879948","3",1001,"20221118171726","20221118171726","939370"
"8713783879948","3",1053,"20221118140512","20221118140512","939370"
"8713783879948","3",1229,"20221118140512","20221118140512","939370"
"8713783879948","3",1233,"20221222000000","20221222000000","938673"
"8713783879962","3",1001,"20221118171726","20221118171726","939370"
"8713783879962","3",1052,"20221118140512","20221118140512","939370"
"8713783879962","3",1229,"20221118140512","20221118140512","939370"
"8713783879962","3",1233,"20221222000000","20221222000000","938673"
"8713783879986","3",1001,"20221118171726","20221118171726","939370"
"8713783879986","3",1051,"20221118140512","20221118140512","939370"
"8713783879986","3",1229,"20221118140512","20221118140512","939370"
"8713783879986","3",1233,"20221222000000","20221222000000","938673"
"8713783879993","3",1001,"20221118171726","20221118171726","939370"
"8713783879993","3",1051,"20221118140512","20221118140512","939370"
"8713783879993","3",1229,"20221118140512","20221118140512","939370"
"8713783879993","3",1233,"20221222000000","20221222000000","938673"
"8713783880005","3",1001,"20221118171726","20221118171726","939370"
"8713783880005","3",1051,"20221118140512","20221118140512","939370"
"8713783880005","3",1229,"20221118140512","20221118140512","939370"
"8713783880005","3",1233,"20221222000000","20221222000000","938673"
"8713783880029","3",1001,"20221118171726","20221118171726","939370"
"8713783880029","3",1051,"20221118140512","20221118140512","939370"
"8713783880029","3",1229,"20221118140512","20221118140512","939370"
"8713783880029","3",1233,"20221222000000","20221222000000","938673"
"8713783880043","3",1001,"20221118171726","20221118171726","939370"
"8713783880043","3",1050,"20221118140512","20221118140512","939370"
"8713783880043","3",1229,"20221118140512","20221118140512","939370"
"8713783880043","3",1233,"20221222000000","20221222000000","938673"
"8713783880050","3",1002,"20221118171752","20221118171752","939370"
"8713783880050","3",1116,"20221118140512","20221118140512","939370"
"8713783880050","3",1233,"20221222000000","20221222000000","938673"
"8713783880050","3",1234,"20221222000000","20221222000000","938673"
"8713783880067","3",1001,"20221118140512","20221118140512","939370"
"8713783880067","3",1045,"20221118140512","20221118140512","939370"
"8713783880067","3",1226,"20221118140512","20221118140512","939370"
"8713783880067","3",1233,"20221222000000","20221222000000","938673"
"8713783880074","3",1001,"20221118140512","20221118140512","939370"
"8713783880074","3",1045,"20221118140512","20221118140512","939370"
"8713783880074","3",1226,"20221118140512","20221118140512","939370"
"8713783880074","3",1233,"20221222000000","20221222000000","938673"
"8713783880081","3",1001,"20221118140512","20221118140512","939370"
"8713783880081","3",1046,"20221118140512","20221118140512","939370"
"8713783880081","3",1226,"20221118140512","20221118140512","939370"
"8713783880081","3",1233,"20221222000000","20221222000000","938673"
"8713783880098","3",1002,"20221118140512","20221118140512","939370"
"8713783880098","3",1233,"20221222000000","20221222000000","938673"
"8713783880098","3",1234,"20221222000000","20221222000000","938673"
"8713783880104","3",1001,"20221118140512","20221118140512","939370"
"8713783880104","3",1047,"20221118140512","20221118140512","939370"
"8713783880104","3",1226,"20221118140512","20221118140512","939370"
"8713783880104","3",1233,"20221222000000","20221222000000","938673"
"8713783880111","3",1001,"20221118140512","20221118140512","939370"
"8713783880111","3",1048,"20221118140512","20221118140512","939370"
"8713783880111","3",1226,"20221118140512","20221118140512","939370"
"8713783880111","3",1233,"20221222000000","20221222000000","938673"
"8713783880128","3",1001,"20221118140512","20221118140512","939370"
"8713783880128","3",1048,"20221118140512","20221118140512","939370"
"8713783880128","3",1226,"20221118140512","20221118140512","939370"
"8713783880128","3",1233,"20221222000000","20221222000000","938673"
"8713783880135","3",1001,"20221118140512","20221118140512","939370"
"8713783880135","3",1048,"20221118140512","20221118140512","939370"
"8713783880135","3",1226,"20221118140512","20221118140512","939370"
"8713783880135","3",1233,"20221222000000","20221222000000","938673"
"8713783880142","3",1001,"20221118171726","20221118171726","939370"
"8713783880142","3",1058,"20221118140512","20221118140512","939370"
"8713783880142","3",1226,"20221118140512","20221118140512","939370"
"8713783880142","3",1233,"20221222000000","20221222000000","938673"
"8713783880159","3",1003,"20221118171812","20221118171812","939370"
"8713783880159","3",1132,"20221118140512","20221118140512","939370"
"8713783880159","3",1226,"20221118140512","20221118140512","939370"
"8713783880159","3",1233,"20221222000000","20221222000000","938673"
"8713783880166","3",1001,"20221118171726","20221118171726","939370"
"8713783880166","3",1042,"20221118140512","20221118140512","939370"
"8713783880166","3",1226,"20221118140512","20221118140512","939370"
"8713783880166","3",1233,"20221222000000","20221222000000","938673"
"8713783880173","3",1001,"20221118171726","20221118171726","939370"
"8713783880173","3",1042,"20221118140512","20221118140512","939370"
"8713783880173","3",1226,"20221118140512","20221118140512","939370"
"8713783880173","3",1233,"20221222000000","20221222000000","938673"
"8713783880180","3",1003,"20221118171812","20221118171812","939370"
"8713783880180","3",1131,"20221118140512","20221118140512","939370"
"8713783880180","3",1233,"20221222000000","20221222000000","938673"
"8713783880180","3",1234,"20221222000000","20221222000000","938673"
"8713783880197","3",1001,"20221118171726","20221118171726","939370"
"8713783880197","3",1035,"20221118140512","20221118140512","939370"
"8713783880197","3",1226,"20221118140512","20221118140512","939370"
"8713783880197","3",1233,"20221222000000","20221222000000","938673"
"8713783880203","3",1001,"20221118171726","20221118171726","939370"
"8713783880203","3",1035,"20221118140512","20221118140512","939370"
"8713783880203","3",1226,"20221118140512","20221118140512","939370"
"8713783880203","3",1233,"20221222000000","20221222000000","938673"
"8713783880210","3",1001,"20221118171726","20221118171726","939370"
"8713783880210","3",1035,"20221118140512","20221118140512","939370"
"8713783880210","3",1226,"20221118140512","20221118140512","939370"
"8713783880210","3",1233,"20221222000000","20221222000000","938673"
"8713783880227","3",1002,"20221118171752","20221118171752","939370"
"8713783880227","3",1077,"20221118140512","20221118140512","939370"
"8713783880227","3",1227,"20221118140512","20221118140512","939370"
"8713783880227","3",1233,"20221222000000","20221222000000","938673"
"8713783880234","3",1002,"20221118171752","20221118171752","939370"
"8713783880234","3",1078,"20221118140512","20221118140512","939370"
"8713783880234","3",1227,"20221118140512","20221118140512","939370"
"8713783880234","3",1233,"20221222000000","20221222000000","938673"
"8713783880258","3",1002,"20221118171752","20221118171752","939370"
"8713783880258","3",1077,"20221118140512","20221118140512","939370"
"8713783880258","3",1227,"20221118140512","20221118140512","939370"
"8713783880258","3",1233,"20221222000000","20221222000000","938673"
"8713783880289","3",1002,"20221118171752","20221118171752","939370"
"8713783880289","3",1077,"20221118140512","20221118140512","939370"
"8713783880289","3",1227,"20221118140512","20221118140512","939370"
"8713783880289","3",1233,"20221222000000","20221222000000","938673"
"8713783880296","3",1002,"20221118171752","20221118171752","939370"
"8713783880296","3",1077,"20221118140512","20221118140512","939370"
"8713783880296","3",1227,"20221118140512","20221118140512","939370"
"8713783880296","3",1233,"20221222000000","20221222000000","938673"
"8713783880302","3",1002,"20221118171752","20221118171752","939370"
"8713783880302","3",1075,"20221118140512","20221118140512","939370"
"8713783880302","3",1227,"20221118140512","20221118140512","939370"
"8713783880302","3",1233,"20221222000000","20221222000000","938673"
"8713783880319","3",1002,"20221118171752","20221118171752","939370"
"8713783880319","3",1077,"20221118140512","20221118140512","939370"
"8713783880319","3",1227,"20221118140512","20221118140512","939370"
"8713783880319","3",1233,"20221222000000","20221222000000","938673"
"8713783880326","3",1002,"20221118171752","20221118171752","939370"
"8713783880326","3",1077,"20221118140512","20221118140512","939370"
"8713783880326","3",1227,"20221118140512","20221118140512","939370"
"8713783880326","3",1233,"20221222000000","20221222000000","938673"
"8713783880333","3",1001,"20221118171726","20221118171726","939370"
"8713783880333","3",1074,"20221118140512","20221118140512","939370"
"8713783880333","3",1227,"20221118140512","20221118140512","939370"
"8713783880333","3",1233,"20221222000000","20221222000000","938673"
"8713783880340","3",1002,"20221118171752","20221118171752","939370"
"8713783880340","3",1076,"20221118140512","20221118140512","939370"
"8713783880340","3",1227,"20221118140512","20221118140512","939370"
"8713783880340","3",1233,"20221222000000","20221222000000","938673"
"8713783880357","3",1002,"20221118171752","20221118171752","939370"
"8713783880357","3",1076,"20221118140512","20221118140512","939370"
"8713783880357","3",1227,"20221118140512","20221118140512","939370"
"8713783880357","3",1233,"20221222000000","20221222000000","938673"
"8713783880364","3",1002,"20221118171752","20221118171752","939370"
"8713783880364","3",1081,"20221118140512","20221118140512","939370"
"8713783880364","3",1227,"20221118140512","20221118140512","939370"
"8713783880364","3",1233,"20221222000000","20221222000000","938673"
"8713783880388","3",1002,"20221118171752","20221118171752","939370"
"8713783880388","3",1081,"20221118140512","20221118140512","939370"
"8713783880388","3",1227,"20221118140512","20221118140512","939370"
"8713783880388","3",1233,"20221222000000","20221222000000","938673"
"8713783880395","3",1002,"20221118171752","20221118171752","939370"
"8713783880395","3",1080,"20221118140512","20221118140512","939370"
"8713783880395","3",1227,"20221118140512","20221118140512","939370"
"8713783880395","3",1233,"20221222000000","20221222000000","938673"
"8713783880401","3",1002,"20221118171752","20221118171752","939370"
"8713783880401","3",1080,"20221118140512","20221118140512","939370"
"8713783880401","3",1227,"20221118140512","20221118140512","939370"
"8713783880401","3",1233,"20221222000000","20221222000000","938673"
"8713783880418","3",1002,"20221118171752","20221118171752","939370"
"8713783880418","3",1080,"20221118140512","20221118140512","939370"
"8713783880418","3",1227,"20221118140512","20221118140512","939370"
"8713783880418","3",1233,"20221222000000","20221222000000","938673"
"8713783880425","3",1002,"20221118171752","20221118171752","939370"
"8713783880425","3",1083,"20221118140512","20221118140512","939370"
"8713783880425","3",1227,"20221118140512","20221118140512","939370"
"8713783880425","3",1233,"20221222000000","20221222000000","938673"
"8713783880432","3",1002,"20221118171752","20221118171752","939370"
"8713783880432","3",1082,"20221118140512","20221118140512","939370"
"8713783880432","3",1227,"20221118140512","20221118140512","939370"
"8713783880432","3",1233,"20221222000000","20221222000000","938673"
"8713783880449","3",1002,"20221118171752","20221118171752","939370"
"8713783880449","3",1083,"20221118140512","20221118140512","939370"
"8713783880449","3",1231,"20221118140512","20221118140512","939370"
"8713783880449","3",1233,"20221222000000","20221222000000","938673"
"8713783880456","3",1002,"20221118171752","20221118171752","939370"
"8713783880456","3",1091,"20221118140512","20221118140512","939370"
"8713783880456","3",1227,"20221118140512","20221118140512","939370"
"8713783880456","3",1233,"20221222000000","20221222000000","938673"
"8713783880463","3",1002,"20221118171752","20221118171752","939370"
"8713783880463","3",1091,"20221118140512","20221118140512","939370"
"8713783880463","3",1227,"20221118140512","20221118140512","939370"
"8713783880463","3",1233,"20221222000000","20221222000000","938673"
"8713783880470","3",1002,"20221118171752","20221118171752","939370"
"8713783880470","3",1091,"20221118140512","20221118140512","939370"
"8713783880470","3",1227,"20221118140512","20221118140512","939370"
"8713783880470","3",1233,"20221222000000","20221222000000","938673"
"8713783880487","3",1002,"20221118171752","20221118171752","939370"
"8713783880487","3",1091,"20221118140512","20221118140512","939370"
"8713783880487","3",1227,"20221118140512","20221118140512","939370"
"8713783880487","3",1233,"20221222000000","20221222000000","938673"
"8713783880494","3",1002,"20221118171752","20221118171752","939370"
"8713783880494","3",1090,"20221118140512","20221118140512","939370"
"8713783880494","3",1227,"20221118140512","20221118140512","939370"
"8713783880494","3",1233,"20221222000000","20221222000000","938673"
"8713783880500","3",1002,"20221118171752","20221118171752","939370"
"8713783880500","3",1078,"20221118140512","20221118140512","939370"
"8713783880500","3",1227,"20221118140512","20221118140512","939370"
"8713783880500","3",1233,"20221222000000","20221222000000","938673"
"8713783898987","3",1001,"20221118171726","20221118171726","939370"
"8713783898987","3",1072,"20221118140512","20221118140512","939370"
"8713783898987","3",1229,"20221118140512","20221118140512","939370"
"8713783898987","3",1233,"20221222000000","20221222000000","938673"
"8713783898994","3",1001,"20221118171726","20221118171726","939370"
"8713783898994","3",1069,"20221118140512","20221118140512","939370"
"8713783898994","3",1229,"20221118140512","20221118140512","939370"
"8713783898994","3",1233,"20221222000000","20221222000000","938673"
"8718288000019","3",1001,"20221118171726","20221118171726","939370"
"8718288000019","3",1064,"20221118140512","20221118140512","939370"
"8718288000019","3",1229,"20221118140512","20221118140512","939370"
"8718288000019","3",1233,"20221222000000","20221222000000","938673"
"8718288000033","3",1001,"20221118171726","20221118171726","939370"
"8718288000033","3",1063,"20221118140512","20221118140512","939370"
"8718288000033","3",1229,"20221118140512","20221118140512","939370"
"8718288000033","3",1233,"20221222000000","20221222000000","938673"
"8718288000040","3",1003,"20221118171812","20221118171812","939370"
"8718288000040","3",1126,"20221118140512","20221118140512","939370"
"8718288000040","3",1231,"20221118140512","20221118140512","939370"
"8718288000040","3",1233,"20221222000000","20221222000000","938673"
"8718288000057","3",1003,"20221118171812","20221118171812","939370"
"8718288000057","3",1143,"20221118140512","20221118140512","939370"
"8718288000057","3",1231,"20221118140512","20221118140512","939370"
"8718288000057","3",1233,"20221222000000","20221222000000","938673"
"8718288000064","3",1001,"20221118171726","20221118171726","939370"
"8718288000064","3",1057,"20221118140512","20221118140512","939370"
"8718288000064","3",1229,"20221118140512","20221118140512","939370"
"8718288000064","3",1233,"20221222000000","20221222000000","938673"
"8718288000071","3",1001,"20221118171726","20221118171726","939370"
"8718288000071","3",1056,"20221118140512","20221118140512","939370"
"8718288000071","3",1229,"20221118140512","20221118140512","939370"
"8718288000071","3",1233,"20221222000000","20221222000000","938673"
"8718288000095","3",1003,"20221118171812","20221118171812","939370"
"8718288000095","3",1133,"20221118140512","20221118140512","939370"
"8718288000095","3",1231,"20221118140512","20221118140512","939370"
"8718288000095","3",1233,"20221222000000","20221222000000","938673"
"8718288000125","3",1001,"20221118171726","20221118171726","939370"
"8718288000125","3",1072,"20221118140512","20221118140512","939370"
"8718288000125","3",1229,"20221118140512","20221118140512","939370"
"8718288000125","3",1233,"20221222000000","20221222000000","938673"
"8718288002884","3",1001,"20221118171726","20221118171726","939370"
"8718288002884","3",1072,"20221118140512","20221118140512","939370"
"8718288002884","3",1229,"20221118140512","20221118140512","939370"
"8718288002884","3",1233,"20221222000000","20221222000000","938673"
"8718288002891","3",1003,"20221118171812","20221118171812","939370"
"8718288002891","3",1132,"20221118140512","20221118140512","939370"
"8718288002891","3",1134,"20221118140512","20221118140512","939370"
"8718288002891","3",1231,"20221118140512","20221118140512","939370"
"8718288002891","3",1233,"20221222000000","20221222000000","938673"
"8718288002907","3",1003,"20221118171812","20221118171812","939370"
"8718288002907","3",1155,"20221118140512","20221118140512","939370"
"8718288002907","3",1231,"20221118140512","20221118140512","939370"
"8718288002907","3",1233,"20221222000000","20221222000000","938673"
"8718288002914","3",1003,"20221118171812","20221118171812","939370"
"8718288002914","3",1140,"20221118140512","20221118140512","939370"
"8718288002914","3",1231,"20221118140512","20221118140512","939370"
"8718288002914","3",1233,"20221222000000","20221222000000","938673"
"8718288002938","3",1003,"20221118171812","20221118171812","939370"
"8718288002938","3",1133,"20221118140512","20221118140512","939370"
"8718288002938","3",1231,"20221118140512","20221118140512","939370"
"8718288002938","3",1233,"20221222000000","20221222000000","938673"
"8718288002945","3",1003,"20221118171812","20221118171812","939370"
"8718288002945","3",1126,"20221118140512","20221118140512","939370"
"8718288002945","3",1231,"20221118140512","20221118140512","939370"
"8718288002945","3",1233,"20221222000000","20221222000000","938673"
"8718288002952","3",1003,"20221118171812","20221118171812","939370"
"8718288002952","3",1128,"20221118140512","20221118140512","939370"
"8718288002952","3",1231,"20221118140512","20221118140512","939370"
"8718288002952","3",1233,"20221222000000","20221222000000","938673"
"8718288007605","3",1003,"20221118171812","20221118171812","939370"
"8718288007605","3",1133,"20221118140512","20221118140512","939370"
"8718288007605","3",1231,"20221118140512","20221118140512","939370"
"8718288007605","3",1233,"20221222000000","20221222000000","938673"
"8718288015310","3",1003,"20221118171812","20221118171812","939370"
"8718288015310","3",1135,"20221118140512","20221118140512","939370"
"8718288015310","3",1233,"20221222000000","20221222000000","938673"
"8718288015310","3",1234,"20221222000000","20221222000000","938673"
"8718288015587","3",1003,"20221118171812","20221118171812","939370"
"8718288015587","3",1154,"20221118140512","20221118140512","939370"
"8718288015587","3",1231,"20221118140512","20221118140512","939370"
"8718288015587","3",1233,"20221222000000","20221222000000","938673"
"8718288018861","3",1001,"20221118171726","20221118171726","939370"
"8718288018861","3",1071,"20221118140512","20221118140512","939370"
"8718288018861","3",1229,"20221118140512","20221118140512","939370"
"8718288018861","3",1233,"20221222000000","20221222000000","938673"
"8718288018878","3",1003,"20221118171812","20221118171812","939370"
"8718288018878","3",1155,"20221118140512","20221118140512","939370"
"8718288018878","3",1231,"20221118140512","20221118140512","939370"
"8718288018878","3",1233,"20221222000000","20221222000000","938673"
"8718288018908","3",1001,"20221118171726","20221118171726","939370"
"8718288018908","3",1051,"20221118140512","20221118140512","939370"
"8718288018908","3",1229,"20221118140512","20221118140512","939370"
"8718288018908","3",1233,"20221222000000","20221222000000","938673"
"8718288082466","3",1003,"20221118171812","20221118171812","939370"
"8718288082466","3",1174,"20221118140512","20221118140512","939370"
"8718288082466","3",1228,"20221118140512","20221118140512","939370"
"8718288082466","3",1233,"20221222000000","20221222000000","938673"
"8718288084156","3",1003,"20221118171812","20221118171812","939370"
"8718288084156","3",1161,"20221118140512","20221118140512","939370"
"8718288084156","3",1230,"20221118140512","20221118140512","939370"
"8718288084156","3",1233,"20221222000000","20221222000000","938673"
"8718288084163","3",1003,"20221118171812","20221118171812","939370"
"8718288084163","3",1133,"20221118140512","20221118140512","939370"
"8718288084163","3",1231,"20221118140512","20221118140512","939370"
"8718288084163","3",1233,"20221222000000","20221222000000","938673"
"8718288084187","3",1003,"20221118171812","20221118171812","939370"
"8718288084187","3",1130,"20221118140512","20221118140512","939370"
"8718288084187","3",1231,"20221118140512","20221118140512","939370"
"8718288084187","3",1233,"20221222000000","20221222000000","938673"
"8718288092861","3",1001,"20221118140512","20221118140512","939370"
"8718288092861","3",1042,"20221118140512","20221118140512","939370"
"8718288092861","3",1226,"20221118140512","20221118140512","939370"
"8718288092861","3",1233,"20221222000000","20221222000000","938673"
"8718288095619","3",1004,"20221118171836","20221118171836","939370"
"8718288095619","3",1178,"20221118140512","20221118140512","939370"
"8718288095619","3",1228,"20221118140512","20221118140512","939370"
"8718288095619","3",1233,"20221222000000","20221222000000","938673"
"8718288095626","3",1004,"20221118171836","20221118171836","939370"
"8718288095626","3",1178,"20221118140512","20221118140512","939370"
"8718288095626","3",1228,"20221118140512","20221118140512","939370"
"8718288095626","3",1233,"20221222000000","20221222000000","938673"
"8718288095633","3",1004,"20221118171836","20221118171836","939370"
"8718288095633","3",1178,"20221118140512","20221118140512","939370"
"8718288095633","3",1228,"20221118140512","20221118140512","939370"
"8718288095633","3",1233,"20221222000000","20221222000000","938673"
"8718288095640","3",1004,"20221118171836","20221118171836","939370"
"8718288095640","3",1178,"20221118140512","20221118140512","939370"
"8718288095640","3",1228,"20221118140512","20221118140512","939370"
"8718288095640","3",1233,"20221222000000","20221222000000","938673"
"8718288095657","3",1004,"20221118171836","20221118171836","939370"
"8718288095657","3",1178,"20221118140512","20221118140512","939370"
"8718288095657","3",1228,"20221118140512","20221118140512","939370"
"8718288095657","3",1233,"20221222000000","20221222000000","938673"
"8718288095664","3",1004,"20221118171836","20221118171836","939370"
"8718288095664","3",1178,"20221118140512","20221118140512","939370"
"8718288095664","3",1228,"20221118140512","20221118140512","939370"
"8718288095664","3",1233,"20221222000000","20221222000000","938673"
"8718288095671","3",1004,"20221118171836","20221118171836","939370"
"8718288095671","3",1178,"20221118140512","20221118140512","939370"
"8718288095671","3",1228,"20221118140512","20221118140512","939370"
"8718288095671","3",1233,"20221222000000","20221222000000","938673"
"8718288095688","3",1004,"20221118171836","20221118171836","939370"
"8718288095688","3",1178,"20221118140512","20221118140512","939370"
"8718288095688","3",1228,"20221118140512","20221118140512","939370"
"8718288095688","3",1233,"20221222000000","20221222000000","938673"
"8718288095695","3",1004,"20221118171836","20221118171836","939370"
"8718288095695","3",1178,"20221118140512","20221118140512","939370"
"8718288095695","3",1228,"20221118140512","20221118140512","939370"
"8718288095695","3",1233,"20221222000000","20221222000000","938673"
"8718288095701","3",1004,"20221118171836","20221118171836","939370"
"8718288095701","3",1178,"20221118140512","20221118140512","939370"
"8718288095701","3",1228,"20221118140512","20221118140512","939370"
"8718288095701","3",1233,"20221222000000","20221222000000","938673"
"8718288095718","3",1004,"20221118171836","20221118171836","939370"
"8718288095718","3",1178,"20221118140512","20221118140512","939370"
"8718288095718","3",1228,"20221118140512","20221118140512","939370"
"8718288095718","3",1233,"20221222000000","20221222000000","938673"
"8718288095725","3",1004,"20221118171836","20221118171836","939370"
"8718288095725","3",1178,"20221118140512","20221118140512","939370"
"8718288095725","3",1228,"20221118140512","20221118140512","939370"
"8718288095725","3",1233,"20221222000000","20221222000000","938673"
"8718288095732","3",1004,"20221118171836","20221118171836","939370"
"8718288095732","3",1178,"20221118140512","20221118140512","939370"
"8718288095732","3",1228,"20221118140512","20221118140512","939370"
"8718288095732","3",1233,"20221222000000","20221222000000","938673"
"8718288095749","3",1004,"20221118171836","20221118171836","939370"
"8718288095749","3",1178,"20221118140512","20221118140512","939370"
"8718288095749","3",1228,"20221118140512","20221118140512","939370"
"8718288095749","3",1233,"20221222000000","20221222000000","938673"
"8718288095756","3",1004,"20221118171836","20221118171836","939370"
"8718288095756","3",1178,"20221118140512","20221118140512","939370"
"8718288095756","3",1228,"20221118140512","20221118140512","939370"
"8718288095756","3",1233,"20221222000000","20221222000000","938673"
"8718288095763","3",1004,"20221118171836","20221118171836","939370"
"8718288095763","3",1178,"20221118140512","20221118140512","939370"
"8718288095763","3",1228,"20221118140512","20221118140512","939370"
"8718288095763","3",1233,"20221222000000","20221222000000","938673"
"8718288095770","3",1004,"20221118171836","20221118171836","939370"
"8718288095770","3",1178,"20221118140512","20221118140512","939370"
"8718288095770","3",1228,"20221118140512","20221118140512","939370"
"8718288095770","3",1233,"20221222000000","20221222000000","938673"
"8718288095787","3",1004,"20221118171836","20221118171836","939370"
"8718288095787","3",1178,"20221118140512","20221118140512","939370"
"8718288095787","3",1228,"20221118140512","20221118140512","939370"
"8718288095787","3",1233,"20221222000000","20221222000000","938673"
"8718288095794","3",1004,"20221118171836","20221118171836","939370"
"8718288095794","3",1178,"20221118140512","20221118140512","939370"
"8718288095794","3",1228,"20221118140512","20221118140512","939370"
"8718288095794","3",1233,"20221222000000","20221222000000","938673"
"8718288095800","3",1004,"20221118171836","20221118171836","939370"
"8718288095800","3",1178,"20221118140512","20221118140512","939370"
"8718288095800","3",1228,"20221118140512","20221118140512","939370"
"8718288095800","3",1233,"20221222000000","20221222000000","938673"
"8718288095817","3",1004,"20221118171836","20221118171836","939370"
"8718288095817","3",1178,"20221118140512","20221118140512","939370"
"8718288095817","3",1228,"20221118140512","20221118140512","939370"
"8718288095817","3",1233,"20221222000000","20221222000000","938673"
"8718288095824","3",1004,"20221118171836","20221118171836","939370"
"8718288095824","3",1178,"20221118140512","20221118140512","939370"
"8718288095824","3",1228,"20221118140512","20221118140512","939370"
"8718288095824","3",1233,"20221222000000","20221222000000","938673"
"8718288095831","3",1004,"20221118171836","20221118171836","939370"
"8718288095831","3",1178,"20221118140512","20221118140512","939370"
"8718288095831","3",1228,"20221118140512","20221118140512","939370"
"8718288095831","3",1233,"20221222000000","20221222000000","938673"
"8718288095848","3",1004,"20221118171836","20221118171836","939370"
"8718288095848","3",1178,"20221118140512","20221118140512","939370"
"8718288095848","3",1228,"20221118140512","20221118140512","939370"
"8718288095848","3",1233,"20221222000000","20221222000000","938673"
"8718288095855","3",1004,"20221118171836","20221118171836","939370"
"8718288095855","3",1178,"20221118140512","20221118140512","939370"
"8718288095855","3",1228,"20221118140512","20221118140512","939370"
"8718288095855","3",1233,"20221222000000","20221222000000","938673"
"8718288095862","3",1004,"20221118171836","20221118171836","939370"
"8718288095862","3",1179,"20221118140512","20221118140512","939370"
"8718288095862","3",1228,"20221118140512","20221118140512","939370"
"8718288095862","3",1233,"20221222000000","20221222000000","938673"
"8718288095879","3",1004,"20221118171836","20221118171836","939370"
"8718288095879","3",1179,"20221118140512","20221118140512","939370"
"8718288095879","3",1228,"20221118140512","20221118140512","939370"
"8718288095879","3",1233,"20221222000000","20221222000000","938673"
"8718288095886","3",1004,"20221118171836","20221118171836","939370"
"8718288095886","3",1179,"20221118140512","20221118140512","939370"
"8718288095886","3",1228,"20221118140512","20221118140512","939370"
"8718288095886","3",1233,"20221222000000","20221222000000","938673"
"8718288095893","3",1004,"20221118171836","20221118171836","939370"
"8718288095893","3",1179,"20221118140512","20221118140512","939370"
"8718288095893","3",1228,"20221118140512","20221118140512","939370"
"8718288095893","3",1233,"20221222000000","20221222000000","938673"
"8718288095909","3",1004,"20221118171836","20221118171836","939370"
"8718288095909","3",1179,"20221118140512","20221118140512","939370"
"8718288095909","3",1228,"20221118140512","20221118140512","939370"
"8718288095909","3",1233,"20221222000000","20221222000000","938673"
"8718288095916","3",1004,"20221118171836","20221118171836","939370"
"8718288095916","3",1179,"20221118140512","20221118140512","939370"
"8718288095916","3",1228,"20221118140512","20221118140512","939370"
"8718288095916","3",1233,"20221222000000","20221222000000","938673"
"8718288095923","3",1004,"20221118171836","20221118171836","939370"
"8718288095923","3",1179,"20221118140512","20221118140512","939370"
"8718288095923","3",1228,"20221118140512","20221118140512","939370"
"8718288095923","3",1233,"20221222000000","20221222000000","938673"
"8718288095930","3",1004,"20221118171836","20221118171836","939370"
"8718288095930","3",1179,"20221118140512","20221118140512","939370"
"8718288095930","3",1228,"20221118140512","20221118140512","939370"
"8718288095930","3",1233,"20221222000000","20221222000000","938673"
"8718288095947","3",1004,"20221118171836","20221118171836","939370"
"8718288095947","3",1179,"20221118140512","20221118140512","939370"
"8718288095947","3",1228,"20221118140512","20221118140512","939370"
"8718288095947","3",1233,"20221222000000","20221222000000","938673"
"8718288095954","3",1004,"20221118171836","20221118171836","939370"
"8718288095954","3",1179,"20221118140512","20221118140512","939370"
"8718288095954","3",1228,"20221118140512","20221118140512","939370"
"8718288095954","3",1233,"20221222000000","20221222000000","938673"
"8718288095961","3",1004,"20221118171836","20221118171836","939370"
"8718288095961","3",1179,"20221118140512","20221118140512","939370"
"8718288095961","3",1228,"20221118140512","20221118140512","939370"
"8718288095961","3",1233,"20221222000000","20221222000000","938673"
"8718288095978","3",1004,"20221118171836","20221118171836","939370"
"8718288095978","3",1179,"20221118140512","20221118140512","939370"
"8718288095978","3",1228,"20221118140512","20221118140512","939370"
"8718288095978","3",1233,"20221222000000","20221222000000","938673"
"8718288095985","3",1004,"20221118171836","20221118171836","939370"
"8718288095985","3",1179,"20221118140512","20221118140512","939370"
"8718288095985","3",1228,"20221118140512","20221118140512","939370"
"8718288095985","3",1233,"20221222000000","20221222000000","938673"
"8718288095992","3",1004,"20221118171836","20221118171836","939370"
"8718288095992","3",1179,"20221118140512","20221118140512","939370"
"8718288095992","3",1228,"20221118140512","20221118140512","939370"
"8718288095992","3",1233,"20221222000000","20221222000000","938673"
"8718288096005","3",1004,"20221118171836","20221118171836","939370"
"8718288096005","3",1179,"20221118140512","20221118140512","939370"
"8718288096005","3",1228,"20221118140512","20221118140512","939370"
"8718288096005","3",1233,"20221222000000","20221222000000","938673"
"8718288096012","3",1004,"20221118171836","20221118171836","939370"
"8718288096012","3",1179,"20221118140512","20221118140512","939370"
"8718288096012","3",1228,"20221118140512","20221118140512","939370"
"8718288096012","3",1233,"20221222000000","20221222000000","938673"
"8718288096029","3",1004,"20221118171836","20221118171836","939370"
"8718288096029","3",1179,"20221118140512","20221118140512","939370"
"8718288096029","3",1228,"20221118140512","20221118140512","939370"
"8718288096029","3",1233,"20221222000000","20221222000000","938673"
"8718288096036","3",1004,"20221118171836","20221118171836","939370"
"8718288096036","3",1179,"20221118140512","20221118140512","939370"
"8718288096036","3",1228,"20221118140512","20221118140512","939370"
"8718288096036","3",1233,"20221222000000","20221222000000","938673"
"8718288096043","3",1004,"20221118171836","20221118171836","939370"
"8718288096043","3",1179,"20221118140512","20221118140512","939370"
"8718288096043","3",1228,"20221118140512","20221118140512","939370"
"8718288096043","3",1233,"20221222000000","20221222000000","938673"
"8718288096050","3",1004,"20221118171836","20221118171836","939370"
"8718288096050","3",1179,"20221118140512","20221118140512","939370"
"8718288096050","3",1228,"20221118140512","20221118140512","939370"
"8718288096050","3",1233,"20221222000000","20221222000000","938673"
"8718288096067","3",1004,"20221118171836","20221118171836","939370"
"8718288096067","3",1179,"20221118140512","20221118140512","939370"
"8718288096067","3",1228,"20221118140512","20221118140512","939370"
"8718288096067","3",1233,"20221222000000","20221222000000","938673"
"8718288096074","3",1004,"20221118171836","20221118171836","939370"
"8718288096074","3",1179,"20221118140512","20221118140512","939370"
"8718288096074","3",1228,"20221118140512","20221118140512","939370"
"8718288096074","3",1233,"20221222000000","20221222000000","938673"
"8718288096081","3",1004,"20221118171836","20221118171836","939370"
"8718288096081","3",1179,"20221118140512","20221118140512","939370"
"8718288096081","3",1228,"20221118140512","20221118140512","939370"
"8718288096081","3",1233,"20221222000000","20221222000000","938673"
"8718288096098","3",1004,"20221118171836","20221118171836","939370"
"8718288096098","3",1179,"20221118140512","20221118140512","939370"
"8718288096098","3",1228,"20221118140512","20221118140512","939370"
"8718288096098","3",1233,"20221222000000","20221222000000","938673"
"8718288096104","3",1004,"20221118171836","20221118171836","939370"
"8718288096104","3",1179,"20221118140512","20221118140512","939370"
"8718288096104","3",1228,"20221118140512","20221118140512","939370"
"8718288096104","3",1233,"20221222000000","20221222000000","938673"
"8718288096111","3",1004,"20221118171836","20221118171836","939370"
"8718288096111","3",1180,"20221118140512","20221118140512","939370"
"8718288096111","3",1228,"20221118140512","20221118140512","939370"
"8718288096111","3",1233,"20221222000000","20221222000000","938673"
"8718288096128","3",1004,"20221118171836","20221118171836","939370"
"8718288096128","3",1180,"20221118140512","20221118140512","939370"
"8718288096128","3",1228,"20221118140512","20221118140512","939370"
"8718288096128","3",1233,"20221222000000","20221222000000","938673"
"8718288096135","3",1004,"20221118171836","20221118171836","939370"
"8718288096135","3",1180,"20221118140512","20221118140512","939370"
"8718288096135","3",1228,"20221118140512","20221118140512","939370"
"8718288096135","3",1233,"20221222000000","20221222000000","938673"
"8718288096142","3",1004,"20221118171836","20221118171836","939370"
"8718288096142","3",1180,"20221118140512","20221118140512","939370"
"8718288096142","3",1228,"20221118140512","20221118140512","939370"
"8718288096142","3",1233,"20221222000000","20221222000000","938673"
"8718288096159","3",1004,"20221118171836","20221118171836","939370"
"8718288096159","3",1180,"20221118140512","20221118140512","939370"
"8718288096159","3",1228,"20221118140512","20221118140512","939370"
"8718288096159","3",1233,"20221222000000","20221222000000","938673"
"8718288096166","3",1004,"20221118171836","20221118171836","939370"
"8718288096166","3",1180,"20221118140512","20221118140512","939370"
"8718288096166","3",1228,"20221118140512","20221118140512","939370"
"8718288096166","3",1233,"20221222000000","20221222000000","938673"
"8718288096173","3",1004,"20221118171836","20221118171836","939370"
"8718288096173","3",1180,"20221118140512","20221118140512","939370"
"8718288096173","3",1228,"20221118140512","20221118140512","939370"
"8718288096173","3",1233,"20221222000000","20221222000000","938673"
"8718288096180","3",1004,"20221118171836","20221118171836","939370"
"8718288096180","3",1180,"20221118140512","20221118140512","939370"
"8718288096180","3",1228,"20221118140512","20221118140512","939370"
"8718288096180","3",1233,"20221222000000","20221222000000","938673"
"8718288096197","3",1004,"20221118171836","20221118171836","939370"
"8718288096197","3",1180,"20221118140512","20221118140512","939370"
"8718288096197","3",1228,"20221118140512","20221118140512","939370"
"8718288096197","3",1233,"20221222000000","20221222000000","938673"
"8718288096203","3",1004,"20221118171836","20221118171836","939370"
"8718288096203","3",1180,"20221118140512","20221118140512","939370"
"8718288096203","3",1228,"20221118140512","20221118140512","939370"
"8718288096203","3",1233,"20221222000000","20221222000000","938673"
"8718288096210","3",1004,"20221118171836","20221118171836","939370"
"8718288096210","3",1180,"20221118140512","20221118140512","939370"
"8718288096210","3",1228,"20221118140512","20221118140512","939370"
"8718288096210","3",1233,"20221222000000","20221222000000","938673"
"8718288096227","3",1004,"20221118171836","20221118171836","939370"
"8718288096227","3",1180,"20221118140512","20221118140512","939370"
"8718288096227","3",1228,"20221118140512","20221118140512","939370"
"8718288096227","3",1233,"20221222000000","20221222000000","938673"
"8718288096234","3",1004,"20221118171836","20221118171836","939370"
"8718288096234","3",1180,"20221118140512","20221118140512","939370"
"8718288096234","3",1228,"20221118140512","20221118140512","939370"
"8718288096234","3",1233,"20221222000000","20221222000000","938673"
"8718288096241","3",1004,"20221118171836","20221118171836","939370"
"8718288096241","3",1180,"20221118140512","20221118140512","939370"
"8718288096241","3",1228,"20221118140512","20221118140512","939370"
"8718288096241","3",1233,"20221222000000","20221222000000","938673"
"8718288096258","3",1004,"20221118171836","20221118171836","939370"
"8718288096258","3",1180,"20221118140512","20221118140512","939370"
"8718288096258","3",1228,"20221118140512","20221118140512","939370"
"8718288096258","3",1233,"20221222000000","20221222000000","938673"
"8718288096265","3",1004,"20221118171836","20221118171836","939370"
"8718288096265","3",1180,"20221118140512","20221118140512","939370"
"8718288096265","3",1228,"20221118140512","20221118140512","939370"
"8718288096265","3",1233,"20221222000000","20221222000000","938673"
"8718288096272","3",1004,"20221118171836","20221118171836","939370"
"8718288096272","3",1180,"20221118140512","20221118140512","939370"
"8718288096272","3",1228,"20221118140512","20221118140512","939370"
"8718288096272","3",1233,"20221222000000","20221222000000","938673"
"8718288096296","3",1004,"20221118171836","20221118171836","939370"
"8718288096296","3",1180,"20221118140512","20221118140512","939370"
"8718288096296","3",1228,"20221118140512","20221118140512","939370"
"8718288096296","3",1233,"20221222000000","20221222000000","938673"
"8718288096302","3",1004,"20221118171836","20221118171836","939370"
"8718288096302","3",1180,"20221118140512","20221118140512","939370"
"8718288096302","3",1228,"20221118140512","20221118140512","939370"
"8718288096302","3",1233,"20221222000000","20221222000000","938673"
"8718288096319","3",1004,"20221118171836","20221118171836","939370"
"8718288096319","3",1180,"20221118140512","20221118140512","939370"
"8718288096319","3",1228,"20221118140512","20221118140512","939370"
"8718288096319","3",1233,"20221222000000","20221222000000","938673"
"8718288096326","3",1004,"20221118171836","20221118171836","939370"
"8718288096326","3",1180,"20221118140512","20221118140512","939370"
"8718288096326","3",1228,"20221118140512","20221118140512","939370"
"8718288096326","3",1233,"20221222000000","20221222000000","938673"
"8718288096609","3",1003,"20221118171812","20221118171812","939370"
"8718288096609","3",1172,"20221118140512","20221118140512","939370"
"8718288096609","3",1228,"20221118140512","20221118140512","939370"
"8718288096609","3",1233,"20221222000000","20221222000000","938673"
"8718288096616","3",1003,"20221118171812","20221118171812","939370"
"8718288096616","3",1172,"20221118140512","20221118140512","939370"
"8718288096616","3",1228,"20221118140512","20221118140512","939370"
"8718288096616","3",1233,"20221222000000","20221222000000","938673"
"8718288096623","3",1003,"20221118171812","20221118171812","939370"
"8718288096623","3",1172,"20221118140512","20221118140512","939370"
"8718288096623","3",1228,"20221118140512","20221118140512","939370"
"8718288096623","3",1233,"20221222000000","20221222000000","938673"
"8718288096647","3",1003,"20221118171812","20221118171812","939370"
"8718288096647","3",1172,"20221118140512","20221118140512","939370"
"8718288096647","3",1228,"20221118140512","20221118140512","939370"
"8718288096647","3",1233,"20221222000000","20221222000000","938673"
"8718288096654","3",1003,"20221118171812","20221118171812","939370"
"8718288096654","3",1172,"20221118140512","20221118140512","939370"
"8718288096654","3",1228,"20221118140512","20221118140512","939370"
"8718288096654","3",1233,"20221222000000","20221222000000","938673"
"8718288096661","3",1003,"20221118171812","20221118171812","939370"
"8718288096661","3",1172,"20221118140512","20221118140512","939370"
"8718288096661","3",1228,"20221118140512","20221118140512","939370"
"8718288096661","3",1233,"20221222000000","20221222000000","938673"
"8718288096678","3",1003,"20221118171812","20221118171812","939370"
"8718288096678","3",1172,"20221118140512","20221118140512","939370"
"8718288096678","3",1228,"20221118140512","20221118140512","939370"
"8718288096678","3",1233,"20221222000000","20221222000000","938673"
"8718288096685","3",1003,"20221118171812","20221118171812","939370"
"8718288096685","3",1172,"20221118140512","20221118140512","939370"
"8718288096685","3",1228,"20221118140512","20221118140512","939370"
"8718288096685","3",1233,"20221222000000","20221222000000","938673"
"8718288096692","3",1003,"20221118171812","20221118171812","939370"
"8718288096692","3",1172,"20221118140512","20221118140512","939370"
"8718288096692","3",1228,"20221118140512","20221118140512","939370"
"8718288096692","3",1233,"20221222000000","20221222000000","938673"
"8718288096708","3",1003,"20221118171812","20221118171812","939370"
"8718288096708","3",1172,"20221118140512","20221118140512","939370"
"8718288096708","3",1228,"20221118140512","20221118140512","939370"
"8718288096708","3",1233,"20221222000000","20221222000000","938673"
"8718288096715","3",1003,"20221118171812","20221118171812","939370"
"8718288096715","3",1172,"20221118140512","20221118140512","939370"
"8718288096715","3",1228,"20221118140512","20221118140512","939370"
"8718288096715","3",1233,"20221222000000","20221222000000","938673"
"8718288096722","3",1003,"20221118171812","20221118171812","939370"
"8718288096722","3",1172,"20221118140512","20221118140512","939370"
"8718288096722","3",1228,"20221118140512","20221118140512","939370"
"8718288096722","3",1233,"20221222000000","20221222000000","938673"
"8718288096739","3",1003,"20221118171812","20221118171812","939370"
"8718288096739","3",1172,"20221118140512","20221118140512","939370"
"8718288096739","3",1228,"20221118140512","20221118140512","939370"
"8718288096739","3",1233,"20221222000000","20221222000000","938673"
"8718288096746","3",1003,"20221118171812","20221118171812","939370"
"8718288096746","3",1172,"20221118140512","20221118140512","939370"
"8718288096746","3",1228,"20221118140512","20221118140512","939370"
"8718288096746","3",1233,"20221222000000","20221222000000","938673"
"8718288096753","3",1003,"20221118171812","20221118171812","939370"
"8718288096753","3",1172,"20221118140512","20221118140512","939370"
"8718288096753","3",1228,"20221118140512","20221118140512","939370"
"8718288096753","3",1233,"20221222000000","20221222000000","938673"
"8718288096760","3",1003,"20221118171812","20221118171812","939370"
"8718288096760","3",1172,"20221118140512","20221118140512","939370"
"8718288096760","3",1228,"20221118140512","20221118140512","939370"
"8718288096760","3",1233,"20221222000000","20221222000000","938673"
"8718288096777","3",1003,"20221118171812","20221118171812","939370"
"8718288096777","3",1172,"20221118140512","20221118140512","939370"
"8718288096777","3",1228,"20221118140512","20221118140512","939370"
"8718288096777","3",1233,"20221222000000","20221222000000","938673"
"8718288096784","3",1003,"20221118171812","20221118171812","939370"
"8718288096784","3",1174,"20221118140512","20221118140512","939370"
"8718288096784","3",1228,"20221118140512","20221118140512","939370"
"8718288096784","3",1233,"20221222000000","20221222000000","938673"
"8718288096791","3",1003,"20221118171812","20221118171812","939370"
"8718288096791","3",1174,"20221118140512","20221118140512","939370"
"8718288096791","3",1228,"20221118140512","20221118140512","939370"
"8718288096791","3",1233,"20221222000000","20221222000000","938673"
"8718288096807","3",1003,"20221118171812","20221118171812","939370"
"8718288096807","3",1174,"20221118140512","20221118140512","939370"
"8718288096807","3",1228,"20221118140512","20221118140512","939370"
"8718288096807","3",1233,"20221222000000","20221222000000","938673"
"8718288096814","3",1003,"20221118171812","20221118171812","939370"
"8718288096814","3",1174,"20221118140512","20221118140512","939370"
"8718288096814","3",1228,"20221118140512","20221118140512","939370"
"8718288096814","3",1233,"20221222000000","20221222000000","938673"
"8718288096821","3",1003,"20221118171812","20221118171812","939370"
"8718288096821","3",1174,"20221118140512","20221118140512","939370"
"8718288096821","3",1228,"20221118140512","20221118140512","939370"
"8718288096821","3",1233,"20221222000000","20221222000000","938673"
"8718288096838","3",1003,"20221118171812","20221118171812","939370"
"8718288096838","3",1174,"20221118140512","20221118140512","939370"
"8718288096838","3",1228,"20221118140512","20221118140512","939370"
"8718288096838","3",1233,"20221222000000","20221222000000","938673"
"8718288096845","3",1003,"20221118171812","20221118171812","939370"
"8718288096845","3",1174,"20221118140512","20221118140512","939370"
"8718288096845","3",1228,"20221118140512","20221118140512","939370"
"8718288096845","3",1233,"20221222000000","20221222000000","938673"
"8718288096852","3",1003,"20221118171812","20221118171812","939370"
"8718288096852","3",1174,"20221118140512","20221118140512","939370"
"8718288096852","3",1228,"20221118140512","20221118140512","939370"
"8718288096852","3",1233,"20221222000000","20221222000000","938673"
"8718288096869","3",1003,"20221118171812","20221118171812","939370"
"8718288096869","3",1174,"20221118140512","20221118140512","939370"
"8718288096869","3",1228,"20221118140512","20221118140512","939370"
"8718288096869","3",1233,"20221222000000","20221222000000","938673"
"8718288096876","3",1003,"20221118171812","20221118171812","939370"
"8718288096876","3",1174,"20221118140512","20221118140512","939370"
"8718288096876","3",1228,"20221118140512","20221118140512","939370"
"8718288096876","3",1233,"20221222000000","20221222000000","938673"
"8718288096883","3",1003,"20221118171812","20221118171812","939370"
"8718288096883","3",1174,"20221118140512","20221118140512","939370"
"8718288096883","3",1228,"20221118140512","20221118140512","939370"
"8718288096883","3",1233,"20221222000000","20221222000000","938673"
"8718288096890","3",1003,"20221118171812","20221118171812","939370"
"8718288096890","3",1174,"20221118140512","20221118140512","939370"
"8718288096890","3",1228,"20221118140512","20221118140512","939370"
"8718288096890","3",1233,"20221222000000","20221222000000","938673"
"8718288096906","3",1003,"20221118171812","20221118171812","939370"
"8718288096906","3",1174,"20221118140512","20221118140512","939370"
"8718288096906","3",1228,"20221118140512","20221118140512","939370"
"8718288096906","3",1233,"20221222000000","20221222000000","938673"
"8718288096913","3",1003,"20221118171812","20221118171812","939370"
"8718288096913","3",1174,"20221118140512","20221118140512","939370"
"8718288096913","3",1228,"20221118140512","20221118140512","939370"
"8718288096913","3",1233,"20221222000000","20221222000000","938673"
"8718288096920","3",1003,"20221118171812","20221118171812","939370"
"8718288096920","3",1174,"20221118140512","20221118140512","939370"
"8718288096920","3",1228,"20221118140512","20221118140512","939370"
"8718288096920","3",1233,"20221222000000","20221222000000","938673"
"8718288096937","3",1003,"20221118171812","20221118171812","939370"
"8718288096937","3",1174,"20221118140512","20221118140512","939370"
"8718288096937","3",1228,"20221118140512","20221118140512","939370"
"8718288096937","3",1233,"20221222000000","20221222000000","938673"
"8718288096944","3",1003,"20221118171812","20221118171812","939370"
"8718288096944","3",1174,"20221118140512","20221118140512","939370"
"8718288096944","3",1228,"20221118140512","20221118140512","939370"
"8718288096944","3",1233,"20221222000000","20221222000000","938673"
"8718288096951","3",1004,"20221118171836","20221118171836","939370"
"8718288096951","3",1176,"20221118140512","20221118140512","939370"
"8718288096951","3",1228,"20221118140512","20221118140512","939370"
"8718288096951","3",1233,"20221222000000","20221222000000","938673"
"8718288096968","3",1004,"20221118171836","20221118171836","939370"
"8718288096968","3",1176,"20221118140512","20221118140512","939370"
"8718288096968","3",1228,"20221118140512","20221118140512","939370"
"8718288096968","3",1233,"20221222000000","20221222000000","938673"
"8718288096975","3",1004,"20221118171836","20221118171836","939370"
"8718288096975","3",1176,"20221118140512","20221118140512","939370"
"8718288096975","3",1228,"20221118140512","20221118140512","939370"
"8718288096975","3",1233,"20221222000000","20221222000000","938673"
"8718288096982","3",1004,"20221118171836","20221118171836","939370"
"8718288096982","3",1176,"20221118140512","20221118140512","939370"
"8718288096982","3",1228,"20221118140512","20221118140512","939370"
"8718288096982","3",1233,"20221222000000","20221222000000","938673"
"8718288096999","3",1004,"20221118171836","20221118171836","939370"
"8718288096999","3",1176,"20221118140512","20221118140512","939370"
"8718288096999","3",1228,"20221118140512","20221118140512","939370"
"8718288096999","3",1233,"20221222000000","20221222000000","938673"
"8718288097002","3",1004,"20221118171836","20221118171836","939370"
"8718288097002","3",1176,"20221118140512","20221118140512","939370"
"8718288097002","3",1228,"20221118140512","20221118140512","939370"
"8718288097002","3",1233,"20221222000000","20221222000000","938673"
"8718288097019","3",1004,"20221118171836","20221118171836","939370"
"8718288097019","3",1176,"20221118140512","20221118140512","939370"
"8718288097019","3",1228,"20221118140512","20221118140512","939370"
"8718288097019","3",1233,"20221222000000","20221222000000","938673"
"8718288097026","3",1004,"20221118171836","20221118171836","939370"
"8718288097026","3",1176,"20221118140512","20221118140512","939370"
"8718288097026","3",1228,"20221118140512","20221118140512","939370"
"8718288097026","3",1233,"20221222000000","20221222000000","938673"
"8718288097033","3",1004,"20221118171836","20221118171836","939370"
"8718288097033","3",1176,"20221118140512","20221118140512","939370"
"8718288097033","3",1228,"20221118140512","20221118140512","939370"
"8718288097033","3",1233,"20221222000000","20221222000000","938673"
"8718288097040","3",1004,"20221118171836","20221118171836","939370"
"8718288097040","3",1176,"20221118140512","20221118140512","939370"
"8718288097040","3",1228,"20221118140512","20221118140512","939370"
"8718288097040","3",1233,"20221222000000","20221222000000","938673"
"8718288097057","3",1004,"20221118171836","20221118171836","939370"
"8718288097057","3",1176,"20221118140512","20221118140512","939370"
"8718288097057","3",1228,"20221118140512","20221118140512","939370"
"8718288097057","3",1233,"20221222000000","20221222000000","938673"
"8718288097064","3",1004,"20221118171836","20221118171836","939370"
"8718288097064","3",1176,"20221118140512","20221118140512","939370"
"8718288097064","3",1228,"20221118140512","20221118140512","939370"
"8718288097064","3",1233,"20221222000000","20221222000000","938673"
"8718288097071","3",1004,"20221118171836","20221118171836","939370"
"8718288097071","3",1176,"20221118140512","20221118140512","939370"
"8718288097071","3",1228,"20221118140512","20221118140512","939370"
"8718288097071","3",1233,"20221222000000","20221222000000","938673"
"8718288097088","3",1004,"20221118171836","20221118171836","939370"
"8718288097088","3",1176,"20221118140512","20221118140512","939370"
"8718288097088","3",1228,"20221118140512","20221118140512","939370"
"8718288097088","3",1233,"20221222000000","20221222000000","938673"
"8718288097095","3",1004,"20221118171836","20221118171836","939370"
"8718288097095","3",1176,"20221118140512","20221118140512","939370"
"8718288097095","3",1218,"20221118140512","20221118140512","939370"
"8718288097095","3",1233,"20221222000000","20221222000000","938673"
"8718288097095","3",1234,"20221222000000","20221222000000","938673"
"8718288097101","3",1004,"20221118171836","20221118171836","939370"
"8718288097101","3",1176,"20221118140512","20221118140512","939370"
"8718288097101","3",1228,"20221118140512","20221118140512","939370"
"8718288097101","3",1233,"20221222000000","20221222000000","938673"
"8718288097118","3",1004,"20221118171836","20221118171836","939370"
"8718288097118","3",1176,"20221118140512","20221118140512","939370"
"8718288097118","3",1228,"20221118140512","20221118140512","939370"
"8718288097118","3",1233,"20221222000000","20221222000000","938673"
"8718288097125","3",1004,"20221118171836","20221118171836","939370"
"8718288097125","3",1176,"20221118140512","20221118140512","939370"
"8718288097125","3",1228,"20221118140512","20221118140512","939370"
"8718288097125","3",1233,"20221222000000","20221222000000","938673"
